--ข้อมูลตั้งต้น ในการรันระบบ
TRUNCATE TABLE T_GENKEY
GO

TRUNCATE TABLE T_CONFIGURATION;
INSERT INTO T_CONFIGURATION(CONFIG_NAME, CONFIG_DESCRIPTION, CONFIG_CONST, ACTIVE, CREATED_DATETIME, USER_ID) VALUES
-- ตั้งค่า Authorize
('Token การเชื่อมต่อสำหรับระบบภายนอก', 'Token เนื่องจาก ลค. มีระบบศูนย์กลาง และสร้างลิ้งเพื่อเปิดเข้ามายังระบบลา', 'WITHOUT_LOGIN_TOKEN', 1, GETDATE(), 0),
-- ค่าคงที่ สำหรับใช้ในการคีย์รายละเอียด รายการ คชจ. ตอนทำคำขอ งปม.
('เงินสมทบกองทุนประกันสังคม', 'ร้อยละของอัตราเงินเดือนที่ใช้สำหรับเงินสมทบกองทุนประกันสังคม แต่ไม่เกิน 750 บาท/เดือน', 'SALARY_RATE_FOR_SOCIAL_SECURITY', 1, GETDATE(), 0),
('เงินสมทบกองทุนเงินทดแทน', 'ร้อยละของอัตราเงินเดือนที่ใช้สำหรับเงินสมทบกองทุนเงินทดแทน', 'SALARY_RATE_FOR_COMPENSATION_FUND', 1, GETDATE(), 0),
('ค่าตอบแทนการปฏิบัติงานนอกเวลาราชการ วันทำการ', 'วันทำการ ใช้อัตราค่าตอบแทนการปฏิบัติงานนอกเวลาราชการเท่าไหร่', 'WORKING_RATE_COMPENSATION', 1, GETDATE(), 0),
('ค่าตอบแทนการปฏิบัติงานนอกเวลาราชการ วันหยุด', 'วันหยุด ใช้อัตราค่าตอบแทนการปฏิบัติงานนอกเวลาราชการเท่าไหร่', 'HOLIDAY_RATE_COMPENSATION', 1, GETDATE(), 0)
GO

-- ข้อมูลประเภทบุคลกร
TRUNCATE TABLE T_PERSONNEL_TYPE;
INSERT INTO T_PERSONNEL_TYPE(LEAVE_OVERFLOW_ID, ITEM_TEXT, ITEM_DESCRIPTION, ACTIVE, CREATED_DATETIME, USER_ID) VALUES
(NULL, 'ข้าราชการ', '', 1, GETDATE(), 0),
(NULL, 'พนักงานราชการ', '', 1, GETDATE(), 0),
(NULL, 'ลูกจ้างชั่วคราว', '', 1, GETDATE(), 0)
GO

TRUNCATE TABLE T_GROUP_MENU;
INSERT INTO T_GROUP_MENU(GROUP_NAME, GROUP_DESCRIPTION, GROUP_ICON, ACTIVE, CREATED_DATETIME, USER_ID, SORT_INDEX) VALUES
('คำของบประมาณ', '', 'icofont icofont-money', 1, GETDATE(), 0, 1),
('จัดสรรงบประมาณ', '', 'ti-direction-alt ', 1, GETDATE(), 0, 2),
('ผลการใช้จ่ายงบประมาณ', '', 'icofont icofont-chart-line ', 1, GETDATE(), 0, 3),
('ตั้งค่าระบบ', '', 'ti-settings', 1, GETDATE(), 0, 4),
('กำหนดสิทธิ์', '', 'ion-locked', 1, GETDATE(), 0, 5),
('รายงาน', '', 'ti-bar-chart-alt', 1, GETDATE(), 0, 6)
GO

--TRUNCATE TABLE T_MENU;
--INSERT INTO T_MENU(GROUP_ID, MENU_NAME, MENU_ICON, SORT_INDEX, ACTIVE, CREATED_DATETIME, USER_ID, ROUTE_METHOD, ROUTE_CONTROLLER, MENU_CONST, QUERY_STRING) VALUES
--(NULL, 'หน้าแรก', 'ti-home', 1, 1, GETDATE(), 0, 'Index', 'Dashboard', 'DASHBOARD_MENU', NULL),
---- คำของบประมาณ
--(1, 'คำขอเงินงบประมาณ', '', 1, 1, GETDATE(), 0, 'GetForm', 'BudgetRequest', 'BUDGET_REQUEST_MENU', 'reqType=Budget'),
---- (1, 'คำขอเงินนอกงบประมาณ', '', 2, 1, GETDATE(), 0, 'GetForm', 'BudgetOffRequest', 'OFF_BUDGET_REQUEST_MENU', 'reqType=OffBudget'),
--(1, 'ประวัติคำขอเงินงบประมาณ', '', 3, 1, GETDATE(), 0, 'GetForm', 'BudgetRequestHistory', 'BUDGET_REQUEST_HISTORY_MENU', NULL),
--(1, 'สรุปคำขอเงินงบประมาณ', '', 4, 0, GETDATE(), 0, 'GetForm', 'BudgetRequestOverview', 'BUDGET_REQUEST_OVERVIEW_MENU', NULL),
---- จัดสรรงบประมาณ
--(2, 'จัดสรรงบประมาณ', '', 1, 1, GETDATE(), 0, 'GetForm', 'BudgetAllocate', 'BUDGET_ALLOWCATE_MENU', NULL),
--(2, 'ประวัติการจัดสรรงบประมาณ', '', 2, 1, GETDATE(), 0, 'GetForm', 'BudgetAllocationInformation', 'BUDGET_ALLOCATE_INFOMATION_MENU', NULL),
---- ผลการใช้จ่ายงบประมาณ
--(3, 'รายงานผลการใช้จ่าย', '', 1, 1, GETDATE(), 0, 'GetForm', 'BudgetAllocateReport', 'BUDGET_ALLOWCATE_REPORT_MENU', NULL),
---- ตั้งค่าระบบ
--(4, 'กำหนดค่าพื้นฐาน', '', 1, 1, GETDATE(), 0, 'GetForm', 'Configuration', 'CONFIGURE_UNDERLYING_MENU', NULL),
--(4, 'กำหนดวันหยุดประจำปี', '', 2, 1, GETDATE(), 0, 'GetForm', 'HolidayConfigure', 'CONFIGURE_HOLIDAY_MENU', NULL),
--(4, 'ข้อมูลพนักงาน', '', 3, 1, GETDATE(), 0, 'GetForm', 'PersonnelInformation', 'UNDERLYING_PERSONNEL_INFORMATION_MENU', NULL),
--(4, 'ข้อมูลตำแหน่งงาน', '', 4, 1, GETDATE(), 0, 'GetForm', 'Position', 'CONFIGURE_POSITION_MENU', NULL),
--(4, 'ข้อมูลประเภทบุคลากร', '', 5, 1, GETDATE(), 0, 'GetForm', 'PersonnelType', 'UNDERLYING_PERSONNEL_TYPE_MENU', NULL),
--(4, 'ข้อมูลกลุ่มผู้ใช้งาน', '', 6, 1, GETDATE(), 0, 'GetForm', 'RoleConfigure', 'MENU_CONST_ROLE_CONFIGURE_MENU', NULL),
--(4, 'ประเภทงบประมาณ', '', 6, 1, GETDATE(), 0, 'GetForm', 'ComingSoon', '', NULL),
--(4, 'ข้อมูลแผนงาน', '', 6, 1, GETDATE(), 0, 'GetForm', 'ComingSoon', '', NULL),
--(4, 'ข้อมูลผลผลิต', '', 6, 1, GETDATE(), 0, 'GetForm', 'ComingSoon', '', NULL),
--(4, 'ข้อมูลกิจกรรม', '', 6, 1, GETDATE(), 0, 'GetForm', 'ComingSoon', '', NULL),
--(4, 'จัดการ Template คำของบประมาณ', '', 7, 1, GETDATE(), 0, 'GetForm', 'BudgetRequestTemplate', 'MENU_CONST_BUDGET_REQUEST_TEMPLATE_CONFIGURE_MENU', NULL)
--GO

TRUNCATE TABLE T_ROLE;
INSERT INTO T_ROLE(ROLE_NAME, ROLE_CONST, ITEM_DESCRIPTION, ACTIVE, CREATED_DATETIME, USER_ID) VALUES
('กลุ่มผู้ใช้งาน Admin', 'Admin', 'Super user ของระบบ', 1, GETDATE(), 0),
('ผู้จัดการสิทธิ์ 1', 'Manager1', 'ผู้จัดการสิทธิ์ 1', 1, GETDATE(), 0),
('ผู้จัดการสิทธิ์ 2', 'Manager2', 'ผู้จัดการสิทธิ์ 2', 1, GETDATE(), 0),
('ผู้จัดการสิทธิ์ 3', 'Manager3', 'ผู้จัดการสิทธิ์ 3', 1, GETDATE(), 0),
('ผู้ใช้งานทั่วไป', 'General', 'ผู้ใช้งานที่จำเป็นต้องเข้าสู่ระบบก่อน', 1, GETDATE(), 0)
GO

-- กำหนดเมนูทั้งหมดในระบบ ให้ ADMIN
TRUNCATE TABLE T_MENU_AUTHORIZE;
INSERT INTO T_MENU_AUTHORIZE(MENU_ID, ROLE_ID, ACTIVE, CREATED_DATETIME, USER_ID) VALUES
-- Role: กลุ่มผู้ใช้งาน Admin
(1, 1, 1, GETDATE(), 0),
(13, 1, 1, GETDATE(), 0)
GO


TRUNCATE TABLE T_BUDGET_TYPE;
INSERT INTO T_BUDGET_TYPE(BUDGET_TYPE_NAME, ACTIVE, CREATED_DATETIME, USER_ID) VALUES
('งบดำเนินงาน', 1, GETDATE(), 0),
('งบลงทุน', 1, GETDATE(), 0),
('งบอุดหนุน', 1, GETDATE(), 0),
('งบอื่นๆ', 1, GETDATE(), 0)
GO

TRUNCATE TABLE T_COMPENSATION_TYPE;
INSERT INTO T_COMPENSATION_TYPE(COMPENSATION_TYPE_NAME, COMPENSATION_TYPE_CODE, ACTIVE) VALUES
('ค่าเบี้ยเลี้ยง', 'COMPENSATION_ALLOWANCE', 1),
('ค่าเช่าที่พัก', 'COMPENSATION_RENT_ROOM', 1)
GO


INSERT [dbo].[T_BUDGET_TYPE_GOVERNMENT_REFER_CODE] ([YR], [BUDGET_TYPE_ID], [GOVERNMENT_REFER_CODE], [REMARK_TEXT]) VALUES (2020, 14, N'xxxxx', NULL)
GO
INSERT [dbo].[T_BUDGET_TYPE_GOVERNMENT_REFER_CODE] ([YR], [BUDGET_TYPE_ID], [GOVERNMENT_REFER_CODE], [REMARK_TEXT]) VALUES (2021, 14, N'6311100', NULL)
GO
INSERT [dbo].[T_EXPENSES_GLCODE] ([EXPENSES_ID], [GLCODE], [GL_TEXT]) VALUES (1, N'5101020108', N'-')
GO
INSERT [dbo].[T_EXPENSES_GLCODE] ([EXPENSES_ID], [GLCODE], [GL_TEXT]) VALUES (2, N'5101010115', N'-')
GO
INSERT [dbo].[T_EXPENSES_GLCODE] ([EXPENSES_ID], [GLCODE], [GL_TEXT]) VALUES (3, N'5101010101', N'-')
GO
INSERT [dbo].[T_EXPENSES_GLCODE] ([EXPENSES_ID], [GLCODE], [GL_TEXT]) VALUES (4, N'5101020115', N'-')
GO
INSERT [dbo].[T_EXPENSES_GLCODE] ([EXPENSES_ID], [GLCODE], [GL_TEXT]) VALUES (5, N'5101020106', N'ข')
GO
INSERT [dbo].[T_EXPENSES_GLCODE] ([EXPENSES_ID], [GLCODE], [GL_TEXT]) VALUES (6, N'5101020116', N'-')
GO
INSERT [dbo].[T_EXPENSES_GLCODE] ([EXPENSES_ID], [GLCODE], [GL_TEXT]) VALUES (7, N'xxxxxxxxxx', N'-')
GO
INSERT [dbo].[T_EXPENSES_GLCODE] ([EXPENSES_ID], [GLCODE], [GL_TEXT]) VALUES (8, N'xxxxxxxxxx', N'-')
GO
INSERT [dbo].[T_EXPENSES_GLCODE] ([EXPENSES_ID], [GLCODE], [GL_TEXT]) VALUES (9, N'xxxxxxxxxx', N'-')
GO
INSERT [dbo].[T_EXPENSES_GLCODE] ([EXPENSES_ID], [GLCODE], [GL_TEXT]) VALUES (10, N'xxxxxxxxxx', N'-')
GO
INSERT [dbo].[T_EXPENSES_GLCODE] ([EXPENSES_ID], [GLCODE], [GL_TEXT]) VALUES (11, N'xxxxxxxxxx', N'-')
GO
INSERT [dbo].[T_EXPENSES_GLCODE] ([EXPENSES_ID], [GLCODE], [GL_TEXT]) VALUES (12, N'xxxxxxxxxx', N'-')
GO
INSERT [dbo].[T_EXPENSES_GLCODE] ([EXPENSES_ID], [GLCODE], [GL_TEXT]) VALUES (13, N'xxxxxxxxxx', N'-')
GO
INSERT [dbo].[T_EXPENSES_GLCODE] ([EXPENSES_ID], [GLCODE], [GL_TEXT]) VALUES (14, N'xxxxxxxxxx', N'-')
GO
INSERT [dbo].[T_EXPENSES_GLCODE] ([EXPENSES_ID], [GLCODE], [GL_TEXT]) VALUES (15, N'xxxxxxxxxx', N'-')
GO
INSERT [dbo].[T_EXPENSES_GLCODE] ([EXPENSES_ID], [GLCODE], [GL_TEXT]) VALUES (16, N'xxxxxxxxxx', N'-')
GO
INSERT [dbo].[T_EXPENSES_GLCODE] ([EXPENSES_ID], [GLCODE], [GL_TEXT]) VALUES (17, N'xxxxxxxxxx', N'-')
GO
INSERT [dbo].[T_EXPENSES_GLCODE] ([EXPENSES_ID], [GLCODE], [GL_TEXT]) VALUES (18, N'xxxxxxxxxx', N'-')
GO
INSERT [dbo].[T_EXPENSES_GLCODE] ([EXPENSES_ID], [GLCODE], [GL_TEXT]) VALUES (19, N'xxxxxxxxxx', N'-')
GO
INSERT [dbo].[T_EXPENSES_GLCODE] ([EXPENSES_ID], [GLCODE], [GL_TEXT]) VALUES (20, N'xxxxxxxxxx', N'-')
GO
INSERT [dbo].[T_EXPENSES_GLCODE] ([EXPENSES_ID], [GLCODE], [GL_TEXT]) VALUES (21, N'xxxxxxxxxx', N'-')
GO
INSERT [dbo].[T_EXPENSES_GLCODE] ([EXPENSES_ID], [GLCODE], [GL_TEXT]) VALUES (22, N'xxxxxxxxxx', N'-')
GO
INSERT [dbo].[T_EXPENSES_GLCODE] ([EXPENSES_ID], [GLCODE], [GL_TEXT]) VALUES (23, N'xxxxxxxxxx', N'-')
GO
INSERT [dbo].[T_EXPENSES_GLCODE] ([EXPENSES_ID], [GLCODE], [GL_TEXT]) VALUES (24, N'xxxxxxxxxx', N'-')
GO
INSERT [dbo].[T_EXPENSES_GLCODE] ([EXPENSES_ID], [GLCODE], [GL_TEXT]) VALUES (25, N'xxxxxxxxxx', N'-')
GO
INSERT [dbo].[T_EXPENSES_GLCODE] ([EXPENSES_ID], [GLCODE], [GL_TEXT]) VALUES (26, N'xxxxxxxxxx', N'-')
GO
INSERT [dbo].[T_EXPENSES_GLCODE] ([EXPENSES_ID], [GLCODE], [GL_TEXT]) VALUES (27, N'xxxxxxxxxx', N'-')
GO
INSERT [dbo].[T_EXPENSES_GLCODE] ([EXPENSES_ID], [GLCODE], [GL_TEXT]) VALUES (28, N'xxxxxxxxxx', N'-')
GO
INSERT [dbo].[T_EXPENSES_GLCODE] ([EXPENSES_ID], [GLCODE], [GL_TEXT]) VALUES (29, N'xxxxxxxxxx', N'-')
GO
INSERT [dbo].[T_EXPENSES_GLCODE] ([EXPENSES_ID], [GLCODE], [GL_TEXT]) VALUES (30, N'xxxxxxxxxx', N'-')
GO
INSERT [dbo].[T_EXPENSES_GLCODE] ([EXPENSES_ID], [GLCODE], [GL_TEXT]) VALUES (31, N'xxxxxxxxxx', N'-')
GO
INSERT [dbo].[T_EXPENSES_GLCODE] ([EXPENSES_ID], [GLCODE], [GL_TEXT]) VALUES (32, N'xxxxxxxxxx', N'-')
GO
INSERT [dbo].[T_EXPENSES_GLCODE] ([EXPENSES_ID], [GLCODE], [GL_TEXT]) VALUES (33, N'xxxxxxxxxx', N'-')
GO
INSERT [dbo].[T_EXPENSES_GLCODE] ([EXPENSES_ID], [GLCODE], [GL_TEXT]) VALUES (34, N'xxxxxxxxxx', N'-')
GO
INSERT [dbo].[T_EXPENSES_GLCODE] ([EXPENSES_ID], [GLCODE], [GL_TEXT]) VALUES (35, N'xxxxxxxxxx', N'-')
GO
INSERT [dbo].[T_EXPENSES_GLCODE] ([EXPENSES_ID], [GLCODE], [GL_TEXT]) VALUES (36, N'xxxxxxxxxx', N'-')
GO
INSERT [dbo].[T_EXPENSES_GLCODE] ([EXPENSES_ID], [GLCODE], [GL_TEXT]) VALUES (37, N'xxxxxxxxxx', N'-')
GO
INSERT [dbo].[T_EXPENSES_GLCODE] ([EXPENSES_ID], [GLCODE], [GL_TEXT]) VALUES (38, N'xxxxxxxxxx', N'-')
GO
INSERT [dbo].[T_EXPENSES_GLCODE] ([EXPENSES_ID], [GLCODE], [GL_TEXT]) VALUES (39, N'xxxxxxxxxx', N'-')
GO
INSERT [dbo].[T_EXPENSES_GLCODE] ([EXPENSES_ID], [GLCODE], [GL_TEXT]) VALUES (40, N'xxxxxxxxxx', N'-')
GO
INSERT [dbo].[T_EXPENSES_GLCODE] ([EXPENSES_ID], [GLCODE], [GL_TEXT]) VALUES (41, N'xxxxxxxxxx', N'-')
GO
INSERT [dbo].[T_EXPENSES_GLCODE] ([EXPENSES_ID], [GLCODE], [GL_TEXT]) VALUES (42, N'xxxxxxxxxx', N'-')
GO
INSERT [dbo].[T_EXPENSES_GLCODE] ([EXPENSES_ID], [GLCODE], [GL_TEXT]) VALUES (43, N'xxxxxxxxxx', N'-')
GO
INSERT [dbo].[T_EXPENSES_GLCODE] ([EXPENSES_ID], [GLCODE], [GL_TEXT]) VALUES (44, N'xxxxxxxxxx', N'-')
GO
INSERT [dbo].[T_EXPENSES_GLCODE] ([EXPENSES_ID], [GLCODE], [GL_TEXT]) VALUES (45, N'xxxxxxxxxx', N'-')
GO
INSERT [dbo].[T_EXPENSES_GLCODE] ([EXPENSES_ID], [GLCODE], [GL_TEXT]) VALUES (46, N'xxxxxxxxxx', N'-')
GO
INSERT [dbo].[T_EXPENSES_GLCODE] ([EXPENSES_ID], [GLCODE], [GL_TEXT]) VALUES (47, N'xxxxxxxxxx', N'-')
GO
INSERT [dbo].[T_EXPENSES_GLCODE] ([EXPENSES_ID], [GLCODE], [GL_TEXT]) VALUES (48, N'xxxxxxxxxx', N'-')
GO
INSERT [dbo].[T_EXPENSES_GLCODE] ([EXPENSES_ID], [GLCODE], [GL_TEXT]) VALUES (59, N'5101010101', N'ขฟิแกก')
GO
SET IDENTITY_INSERT [dbo].[T_EXPENSES_GROUP] ON 
GO
INSERT [dbo].[T_EXPENSES_GROUP] ([EXPENSES_GROUP_ID], [EXPENSES_MASTER_ID], [BUDGET_TYPE_ID], [EXPENSES_GROUP_NAME], [ACTIVE], [CREATED_DATETIME], [USER_ID], [UPDATED_DATETIME], [UPDATED_ID]) VALUES (1, 1, 4, N'เงินเดือน', -1, CAST(N'2020-09-24T10:58:00.000' AS DateTime), 1, CAST(N'2020-10-26T22:42:45.733' AS DateTime), 2)
GO
INSERT [dbo].[T_EXPENSES_GROUP] ([EXPENSES_GROUP_ID], [EXPENSES_MASTER_ID], [BUDGET_TYPE_ID], [EXPENSES_GROUP_NAME], [ACTIVE], [CREATED_DATETIME], [USER_ID], [UPDATED_DATETIME], [UPDATED_ID]) VALUES (2, 1, 4, N'ค่าจ้างประจำ', 1, CAST(N'2020-09-24T10:58:00.000' AS DateTime), 1, CAST(N'2020-11-04T08:13:00.433' AS DateTime), 1)
GO
INSERT [dbo].[T_EXPENSES_GROUP] ([EXPENSES_GROUP_ID], [EXPENSES_MASTER_ID], [BUDGET_TYPE_ID], [EXPENSES_GROUP_NAME], [ACTIVE], [CREATED_DATETIME], [USER_ID], [UPDATED_DATETIME], [UPDATED_ID]) VALUES (5, 2, 1, N'ค่าตอบแทน', 1, CAST(N'2020-09-24T10:58:00.000' AS DateTime), 1, NULL, NULL)
GO
INSERT [dbo].[T_EXPENSES_GROUP] ([EXPENSES_GROUP_ID], [EXPENSES_MASTER_ID], [BUDGET_TYPE_ID], [EXPENSES_GROUP_NAME], [ACTIVE], [CREATED_DATETIME], [USER_ID], [UPDATED_DATETIME], [UPDATED_ID]) VALUES (6, 2, 1, N'ค่าใช้สอย', 1, CAST(N'2020-09-24T10:58:00.000' AS DateTime), 1, NULL, NULL)
GO
INSERT [dbo].[T_EXPENSES_GROUP] ([EXPENSES_GROUP_ID], [EXPENSES_MASTER_ID], [BUDGET_TYPE_ID], [EXPENSES_GROUP_NAME], [ACTIVE], [CREATED_DATETIME], [USER_ID], [UPDATED_DATETIME], [UPDATED_ID]) VALUES (7, 2, 1, N'ค่าวัสดุสำนักงาน', -1, CAST(N'2020-09-24T10:58:00.000' AS DateTime), 1, CAST(N'2020-11-11T14:30:30.397' AS DateTime), 1)
GO
INSERT [dbo].[T_EXPENSES_GROUP] ([EXPENSES_GROUP_ID], [EXPENSES_MASTER_ID], [BUDGET_TYPE_ID], [EXPENSES_GROUP_NAME], [ACTIVE], [CREATED_DATETIME], [USER_ID], [UPDATED_DATETIME], [UPDATED_ID]) VALUES (8, 2, 1, N'ค่าวัสดุ', 1, CAST(N'2020-09-24T10:58:00.000' AS DateTime), 1, NULL, NULL)
GO
INSERT [dbo].[T_EXPENSES_GROUP] ([EXPENSES_GROUP_ID], [EXPENSES_MASTER_ID], [BUDGET_TYPE_ID], [EXPENSES_GROUP_NAME], [ACTIVE], [CREATED_DATETIME], [USER_ID], [UPDATED_DATETIME], [UPDATED_ID]) VALUES (15, NULL, 0, N'1', -1, CAST(N'2020-09-30T00:28:24.670' AS DateTime), 1, CAST(N'2020-09-30T00:28:37.193' AS DateTime), 1)
GO
INSERT [dbo].[T_EXPENSES_GROUP] ([EXPENSES_GROUP_ID], [EXPENSES_MASTER_ID], [BUDGET_TYPE_ID], [EXPENSES_GROUP_NAME], [ACTIVE], [CREATED_DATETIME], [USER_ID], [UPDATED_DATETIME], [UPDATED_ID]) VALUES (16, 1, 1, N'zzzzz', -1, CAST(N'2020-09-30T00:35:42.300' AS DateTime), 1, CAST(N'2020-09-30T00:48:11.757' AS DateTime), 1)
GO
INSERT [dbo].[T_EXPENSES_GROUP] ([EXPENSES_GROUP_ID], [EXPENSES_MASTER_ID], [BUDGET_TYPE_ID], [EXPENSES_GROUP_NAME], [ACTIVE], [CREATED_DATETIME], [USER_ID], [UPDATED_DATETIME], [UPDATED_ID]) VALUES (17, 3, 2, N'ค่าสร้างอาคารชุดพักอาศัยเพิ่มเติม', -1, CAST(N'2020-10-25T22:09:43.060' AS DateTime), 0, CAST(N'2020-10-25T22:15:11.083' AS DateTime), 0)
GO
INSERT [dbo].[T_EXPENSES_GROUP] ([EXPENSES_GROUP_ID], [EXPENSES_MASTER_ID], [BUDGET_TYPE_ID], [EXPENSES_GROUP_NAME], [ACTIVE], [CREATED_DATETIME], [USER_ID], [UPDATED_DATETIME], [UPDATED_ID]) VALUES (18, 1, 5, N'ปป', -1, CAST(N'2020-10-26T22:39:22.720' AS DateTime), 2, CAST(N'2020-10-27T10:14:56.607' AS DateTime), 2)
GO
INSERT [dbo].[T_EXPENSES_GROUP] ([EXPENSES_GROUP_ID], [EXPENSES_MASTER_ID], [BUDGET_TYPE_ID], [EXPENSES_GROUP_NAME], [ACTIVE], [CREATED_DATETIME], [USER_ID], [UPDATED_DATETIME], [UPDATED_ID]) VALUES (19, 2, 4, N'ค่าตอบแทน', -1, CAST(N'2020-10-27T10:15:15.060' AS DateTime), 2, CAST(N'2020-10-28T09:39:11.490' AS DateTime), 1)
GO
INSERT [dbo].[T_EXPENSES_GROUP] ([EXPENSES_GROUP_ID], [EXPENSES_MASTER_ID], [BUDGET_TYPE_ID], [EXPENSES_GROUP_NAME], [ACTIVE], [CREATED_DATETIME], [USER_ID], [UPDATED_DATETIME], [UPDATED_ID]) VALUES (20, 3, 2, N'ครุภัณฑ์', -1, CAST(N'2020-10-27T10:20:54.270' AS DateTime), 2, CAST(N'2020-10-28T09:39:16.020' AS DateTime), 1)
GO
INSERT [dbo].[T_EXPENSES_GROUP] ([EXPENSES_GROUP_ID], [EXPENSES_MASTER_ID], [BUDGET_TYPE_ID], [EXPENSES_GROUP_NAME], [ACTIVE], [CREATED_DATETIME], [USER_ID], [UPDATED_DATETIME], [UPDATED_ID]) VALUES (21, 2, 4, N'ค่าตอบแทน', 1, CAST(N'2020-10-28T09:39:34.403' AS DateTime), 1, NULL, NULL)
GO
INSERT [dbo].[T_EXPENSES_GROUP] ([EXPENSES_GROUP_ID], [EXPENSES_MASTER_ID], [BUDGET_TYPE_ID], [EXPENSES_GROUP_NAME], [ACTIVE], [CREATED_DATETIME], [USER_ID], [UPDATED_DATETIME], [UPDATED_ID]) VALUES (22, 3, 2, N'ครุภัณฑ์', 1, CAST(N'2020-10-28T10:00:13.873' AS DateTime), 1, CAST(N'2020-10-29T09:18:45.850' AS DateTime), 1)
GO
INSERT [dbo].[T_EXPENSES_GROUP] ([EXPENSES_GROUP_ID], [EXPENSES_MASTER_ID], [BUDGET_TYPE_ID], [EXPENSES_GROUP_NAME], [ACTIVE], [CREATED_DATETIME], [USER_ID], [UPDATED_DATETIME], [UPDATED_ID]) VALUES (23, 3, 2, N'ที่ดินและสิ่งก่อสร้าง', 1, CAST(N'2020-10-28T10:00:42.390' AS DateTime), 1, NULL, NULL)
GO
INSERT [dbo].[T_EXPENSES_GROUP] ([EXPENSES_GROUP_ID], [EXPENSES_MASTER_ID], [BUDGET_TYPE_ID], [EXPENSES_GROUP_NAME], [ACTIVE], [CREATED_DATETIME], [USER_ID], [UPDATED_DATETIME], [UPDATED_ID]) VALUES (24, 3, 1, N'ทดสอบ ภายใต้ งบดำเนินงาน', -1, CAST(N'2020-11-04T08:10:13.450' AS DateTime), 1, CAST(N'2020-11-04T08:10:44.757' AS DateTime), 1)
GO
INSERT [dbo].[T_EXPENSES_GROUP] ([EXPENSES_GROUP_ID], [EXPENSES_MASTER_ID], [BUDGET_TYPE_ID], [EXPENSES_GROUP_NAME], [ACTIVE], [CREATED_DATETIME], [USER_ID], [UPDATED_DATETIME], [UPDATED_ID]) VALUES (25, 9, 1, N'สาธารณูปโภค', 1, CAST(N'2020-11-11T14:23:46.397' AS DateTime), 1, NULL, NULL)
GO
INSERT [dbo].[T_EXPENSES_GROUP] ([EXPENSES_GROUP_ID], [EXPENSES_MASTER_ID], [BUDGET_TYPE_ID], [EXPENSES_GROUP_NAME], [ACTIVE], [CREATED_DATETIME], [USER_ID], [UPDATED_DATETIME], [UPDATED_ID]) VALUES (26, 7, 3, N'เงินอุดหนุนทั่วไป', 1, CAST(N'2020-11-11T14:29:40.403' AS DateTime), 1, NULL, NULL)
GO
INSERT [dbo].[T_EXPENSES_GROUP] ([EXPENSES_GROUP_ID], [EXPENSES_MASTER_ID], [BUDGET_TYPE_ID], [EXPENSES_GROUP_NAME], [ACTIVE], [CREATED_DATETIME], [USER_ID], [UPDATED_DATETIME], [UPDATED_ID]) VALUES (27, 8, 5, N'งบรายจ่ายอื่น', 1, CAST(N'2020-11-11T14:30:19.750' AS DateTime), 1, NULL, NULL)
GO
SET IDENTITY_INSERT [dbo].[T_EXPENSES_GROUP] OFF
GO
INSERT [dbo].[T_EXPENSES_GROUP_GOVERNMENT_REFER_CODE] ([YR], [EXPENSES_GROUP_ID], [GOVERNMENT_REFER_CODE], [REMARK_TEXT]) VALUES (2019, 2, N'b', N'test 2')
GO
INSERT [dbo].[T_EXPENSES_GROUP_GOVERNMENT_REFER_CODE] ([YR], [EXPENSES_GROUP_ID], [GOVERNMENT_REFER_CODE], [REMARK_TEXT]) VALUES (2020, 2, N'a', N'test 1')
GO
INSERT [dbo].[T_EXPENSES_GROUP_GOVERNMENT_REFER_CODE] ([YR], [EXPENSES_GROUP_ID], [GOVERNMENT_REFER_CODE], [REMARK_TEXT]) VALUES (2020, 24, N'dddd', N'ทดสอบ')
GO
INSERT [dbo].[T_EXPENSES_GROUP_GOVERNMENT_REFER_CODE] ([YR], [EXPENSES_GROUP_ID], [GOVERNMENT_REFER_CODE], [REMARK_TEXT]) VALUES (2020, 25, N'xxxxxxx', N'xxxxxxxx')
GO
INSERT [dbo].[T_EXPENSES_GROUP_GOVERNMENT_REFER_CODE] ([YR], [EXPENSES_GROUP_ID], [GOVERNMENT_REFER_CODE], [REMARK_TEXT]) VALUES (2020, 26, N'xxxxxxx', N'xxxxxxx')
GO
INSERT [dbo].[T_EXPENSES_GROUP_GOVERNMENT_REFER_CODE] ([YR], [EXPENSES_GROUP_ID], [GOVERNMENT_REFER_CODE], [REMARK_TEXT]) VALUES (2020, 27, N'xxxxxxx', N'xxxxxxx')
GO
INSERT [dbo].[T_EXPENSES_GROUP_GOVERNMENT_REFER_CODE] ([YR], [EXPENSES_GROUP_ID], [GOVERNMENT_REFER_CODE], [REMARK_TEXT]) VALUES (2021, 2, N'6311120', NULL)
GO
SET IDENTITY_INSERT [dbo].[T_EXPENSES_ITEM] ON 
GO
INSERT [dbo].[T_EXPENSES_ITEM] ([EXPENSES_ID], [EXPENSES_GROUP_ID], [EXPENSES_NAME], [FORM_TEMPLATE_NAME], [CAN_ADD_PROJECT], [ACTIVE], [CREATED_DATETIME], [USER_ID], [UPDATED_DATETIME], [UPDATED_ID]) VALUES (1, 5, N'ค่าเช่าบ้าน', N'RentHouseForm', 1, 1, CAST(N'2020-11-11T10:41:14.887' AS DateTime), 2, CAST(N'2020-11-12T03:34:24.193' AS DateTime), 2)
GO
INSERT [dbo].[T_EXPENSES_ITEM] ([EXPENSES_ID], [EXPENSES_GROUP_ID], [EXPENSES_NAME], [FORM_TEMPLATE_NAME], [CAN_ADD_PROJECT], [ACTIVE], [CREATED_DATETIME], [USER_ID], [UPDATED_DATETIME], [UPDATED_ID]) VALUES (2, 21, N'ค่าตอบแทนพนักงานราชการ', N'CompensationGovernmentEmployeeForm', 0, 1, CAST(N'2020-11-11T10:43:19.243' AS DateTime), 2, NULL, NULL)
GO
INSERT [dbo].[T_EXPENSES_ITEM] ([EXPENSES_ID], [EXPENSES_GROUP_ID], [EXPENSES_NAME], [FORM_TEMPLATE_NAME], [CAN_ADD_PROJECT], [ACTIVE], [CREATED_DATETIME], [USER_ID], [UPDATED_DATETIME], [UPDATED_ID]) VALUES (3, 2, N'เงินเดือนและค่าจ้างประจำ', N'SalaryAndIncomeForm', 1, 1, CAST(N'2020-11-11T10:45:30.257' AS DateTime), 2, CAST(N'2020-11-11T16:13:17.953' AS DateTime), 2)
GO
INSERT [dbo].[T_EXPENSES_ITEM] ([EXPENSES_ID], [EXPENSES_GROUP_ID], [EXPENSES_NAME], [FORM_TEMPLATE_NAME], [CAN_ADD_PROJECT], [ACTIVE], [CREATED_DATETIME], [USER_ID], [UPDATED_DATETIME], [UPDATED_ID]) VALUES (4, 5, N'ค่าตอบแทนพิเศษรายเดือนสำหรับผู้ปฏิบัติงานในเขตพื้นที่พิเศษ (ส.ป.พ.)', N'MonthlyCompensationExtraForm', 0, 1, CAST(N'2020-11-11T10:46:59.040' AS DateTime), 2, NULL, NULL)
GO
INSERT [dbo].[T_EXPENSES_ITEM] ([EXPENSES_ID], [EXPENSES_GROUP_ID], [EXPENSES_NAME], [FORM_TEMPLATE_NAME], [CAN_ADD_PROJECT], [ACTIVE], [CREATED_DATETIME], [USER_ID], [UPDATED_DATETIME], [UPDATED_ID]) VALUES (5, 6, N'เงินสมทบกองทุนประกันสังคม', N'SocialSecurityForm', 0, 1, CAST(N'2020-11-11T10:48:29.510' AS DateTime), 2, NULL, NULL)
GO
INSERT [dbo].[T_EXPENSES_ITEM] ([EXPENSES_ID], [EXPENSES_GROUP_ID], [EXPENSES_NAME], [FORM_TEMPLATE_NAME], [CAN_ADD_PROJECT], [ACTIVE], [CREATED_DATETIME], [USER_ID], [UPDATED_DATETIME], [UPDATED_ID]) VALUES (6, 6, N'เงินสมทบกองทุนเงินทดแทน', N'CompensationFundForm', 0, 1, CAST(N'2020-11-11T10:49:36.320' AS DateTime), 2, NULL, NULL)
GO
INSERT [dbo].[T_EXPENSES_ITEM] ([EXPENSES_ID], [EXPENSES_GROUP_ID], [EXPENSES_NAME], [FORM_TEMPLATE_NAME], [CAN_ADD_PROJECT], [ACTIVE], [CREATED_DATETIME], [USER_ID], [UPDATED_DATETIME], [UPDATED_ID]) VALUES (7, 6, N'ค่าตรวจปฏิบัติการโรงงานอุตสาหกรรรม', N'IndustrailSurveyForm', 0, 1, CAST(N'2020-11-11T10:52:11.147' AS DateTime), 2, NULL, NULL)
GO
INSERT [dbo].[T_EXPENSES_ITEM] ([EXPENSES_ID], [EXPENSES_GROUP_ID], [EXPENSES_NAME], [FORM_TEMPLATE_NAME], [CAN_ADD_PROJECT], [ACTIVE], [CREATED_DATETIME], [USER_ID], [UPDATED_DATETIME], [UPDATED_ID]) VALUES (8, 21, N'ค่าตอบแทนบุคคลหรือคณะกรรมการ', N'PersonnelOrCommitteeCompensationForm', 0, 1, CAST(N'2020-11-11T10:53:08.910' AS DateTime), 2, NULL, NULL)
GO
INSERT [dbo].[T_EXPENSES_ITEM] ([EXPENSES_ID], [EXPENSES_GROUP_ID], [EXPENSES_NAME], [FORM_TEMPLATE_NAME], [CAN_ADD_PROJECT], [ACTIVE], [CREATED_DATETIME], [USER_ID], [UPDATED_DATETIME], [UPDATED_ID]) VALUES (9, 21, N'ค่าตอบแทนข้าราชการเกษียณ', N'RetiredGovernmentCompensationForm', 0, 1, CAST(N'2020-11-11T10:54:27.520' AS DateTime), 2, NULL, NULL)
GO
INSERT [dbo].[T_EXPENSES_ITEM] ([EXPENSES_ID], [EXPENSES_GROUP_ID], [EXPENSES_NAME], [FORM_TEMPLATE_NAME], [CAN_ADD_PROJECT], [ACTIVE], [CREATED_DATETIME], [USER_ID], [UPDATED_DATETIME], [UPDATED_ID]) VALUES (10, 21, N'ค่าตอบแทนการปฏิบัติงานนอกเวลาราชการ', N'OvertimeCompensationForm', 0, 1, CAST(N'2020-11-11T10:55:18.637' AS DateTime), 2, NULL, NULL)
GO
INSERT [dbo].[T_EXPENSES_ITEM] ([EXPENSES_ID], [EXPENSES_GROUP_ID], [EXPENSES_NAME], [FORM_TEMPLATE_NAME], [CAN_ADD_PROJECT], [ACTIVE], [CREATED_DATETIME], [USER_ID], [UPDATED_DATETIME], [UPDATED_ID]) VALUES (11, 21, N'ค่าตอบแทนแหมาจ่ายแทนการจัดหารถประจำตำแหน่ง', N'InsteadCarForPositionCompensationForm', 0, 1, CAST(N'2020-11-11T10:56:03.923' AS DateTime), 2, NULL, NULL)
GO
INSERT [dbo].[T_EXPENSES_ITEM] ([EXPENSES_ID], [EXPENSES_GROUP_ID], [EXPENSES_NAME], [FORM_TEMPLATE_NAME], [CAN_ADD_PROJECT], [ACTIVE], [CREATED_DATETIME], [USER_ID], [UPDATED_DATETIME], [UPDATED_ID]) VALUES (12, 5, N'ค่าเบี้ยเลี้ยง ค่าเช่าที่พัก และค่าพาหนะ', N'AllowanceForm', 0, 1, CAST(N'2020-11-11T10:57:22.350' AS DateTime), 2, NULL, NULL)
GO
INSERT [dbo].[T_EXPENSES_ITEM] ([EXPENSES_ID], [EXPENSES_GROUP_ID], [EXPENSES_NAME], [FORM_TEMPLATE_NAME], [CAN_ADD_PROJECT], [ACTIVE], [CREATED_DATETIME], [USER_ID], [UPDATED_DATETIME], [UPDATED_ID]) VALUES (13, 6, N'ค่าเบี้ยเลี้ยง ค่าเช่าที่พัก และค่าพาหนะ', N'AllowanceForm', 0, 1, CAST(N'2020-11-11T14:08:29.487' AS DateTime), 1, CAST(N'2020-11-12T08:53:50.743' AS DateTime), 2)
GO
INSERT [dbo].[T_EXPENSES_ITEM] ([EXPENSES_ID], [EXPENSES_GROUP_ID], [EXPENSES_NAME], [FORM_TEMPLATE_NAME], [CAN_ADD_PROJECT], [ACTIVE], [CREATED_DATETIME], [USER_ID], [UPDATED_DATETIME], [UPDATED_ID]) VALUES (14, 6, N'ค่าซ่อมแซมยานพาหนะและขนส่ง', N'RepairVehicleAndTransportForm', 0, 1, CAST(N'2020-11-11T14:09:20.097' AS DateTime), 1, CAST(N'2020-11-12T08:54:21.423' AS DateTime), 2)
GO
INSERT [dbo].[T_EXPENSES_ITEM] ([EXPENSES_ID], [EXPENSES_GROUP_ID], [EXPENSES_NAME], [FORM_TEMPLATE_NAME], [CAN_ADD_PROJECT], [ACTIVE], [CREATED_DATETIME], [USER_ID], [UPDATED_DATETIME], [UPDATED_ID]) VALUES (15, 6, N'ค่าซ่อมแซมครุภัณฑ์', N'RepairEquipmentForm', 0, 1, CAST(N'2020-11-11T14:09:57.667' AS DateTime), 1, CAST(N'2020-11-12T08:54:41.723' AS DateTime), 2)
GO
INSERT [dbo].[T_EXPENSES_ITEM] ([EXPENSES_ID], [EXPENSES_GROUP_ID], [EXPENSES_NAME], [FORM_TEMPLATE_NAME], [CAN_ADD_PROJECT], [ACTIVE], [CREATED_DATETIME], [USER_ID], [UPDATED_DATETIME], [UPDATED_ID]) VALUES (16, 6, N'ค่าซ่อมแซมสิ่งก่อสร้าง', N'RepairBuildingForm', 0, 1, CAST(N'2020-11-11T14:10:36.270' AS DateTime), 1, CAST(N'2020-11-12T08:56:39.860' AS DateTime), 2)
GO
INSERT [dbo].[T_EXPENSES_ITEM] ([EXPENSES_ID], [EXPENSES_GROUP_ID], [EXPENSES_NAME], [FORM_TEMPLATE_NAME], [CAN_ADD_PROJECT], [ACTIVE], [CREATED_DATETIME], [USER_ID], [UPDATED_DATETIME], [UPDATED_ID]) VALUES (17, 6, N'ค่าเช่าทรัพย์สิน', N'ChargeForRentBuildingForm', 0, 1, CAST(N'2020-11-11T14:13:15.447' AS DateTime), 1, CAST(N'2020-11-12T08:57:05.453' AS DateTime), 2)
GO
INSERT [dbo].[T_EXPENSES_ITEM] ([EXPENSES_ID], [EXPENSES_GROUP_ID], [EXPENSES_NAME], [FORM_TEMPLATE_NAME], [CAN_ADD_PROJECT], [ACTIVE], [CREATED_DATETIME], [USER_ID], [UPDATED_DATETIME], [UPDATED_ID]) VALUES (18, 6, N'ค่าจ้างเหมาบริการ', N'ChargeForHireServiceForm', 0, 1, CAST(N'2020-11-11T14:13:43.653' AS DateTime), 1, CAST(N'2020-11-12T08:57:22.147' AS DateTime), 2)
GO
INSERT [dbo].[T_EXPENSES_ITEM] ([EXPENSES_ID], [EXPENSES_GROUP_ID], [EXPENSES_NAME], [FORM_TEMPLATE_NAME], [CAN_ADD_PROJECT], [ACTIVE], [CREATED_DATETIME], [USER_ID], [UPDATED_DATETIME], [UPDATED_ID]) VALUES (19, 6, N'ค่ากำจัดปลวก (เหมาบริการ)', N'ChargeForKillTermiteForm', 0, 1, CAST(N'2020-11-11T14:14:09.527' AS DateTime), 1, CAST(N'2020-11-12T08:57:44.083' AS DateTime), 2)
GO
INSERT [dbo].[T_EXPENSES_ITEM] ([EXPENSES_ID], [EXPENSES_GROUP_ID], [EXPENSES_NAME], [FORM_TEMPLATE_NAME], [CAN_ADD_PROJECT], [ACTIVE], [CREATED_DATETIME], [USER_ID], [UPDATED_DATETIME], [UPDATED_ID]) VALUES (20, 6, N'ค่าจ้างเหมาบริการ (MA', N'-', 0, 1, CAST(N'2020-11-11T14:14:38.043' AS DateTime), 1, NULL, NULL)
GO
INSERT [dbo].[T_EXPENSES_ITEM] ([EXPENSES_ID], [EXPENSES_GROUP_ID], [EXPENSES_NAME], [FORM_TEMPLATE_NAME], [CAN_ADD_PROJECT], [ACTIVE], [CREATED_DATETIME], [USER_ID], [UPDATED_DATETIME], [UPDATED_ID]) VALUES (21, 6, N'ค่าจ้างพิมพ์แก้ไขแสตมป์ (ค่าจ้างเหมา)', N'-', 0, 1, CAST(N'2020-11-11T14:15:19.783' AS DateTime), 1, NULL, NULL)
GO
INSERT [dbo].[T_EXPENSES_ITEM] ([EXPENSES_ID], [EXPENSES_GROUP_ID], [EXPENSES_NAME], [FORM_TEMPLATE_NAME], [CAN_ADD_PROJECT], [ACTIVE], [CREATED_DATETIME], [USER_ID], [UPDATED_DATETIME], [UPDATED_ID]) VALUES (22, 6, N'ค่าจ้างเหมาบริการอื่นๆ', N'-', 0, 1, CAST(N'2020-11-11T14:15:58.423' AS DateTime), 1, NULL, NULL)
GO
INSERT [dbo].[T_EXPENSES_ITEM] ([EXPENSES_ID], [EXPENSES_GROUP_ID], [EXPENSES_NAME], [FORM_TEMPLATE_NAME], [CAN_ADD_PROJECT], [ACTIVE], [CREATED_DATETIME], [USER_ID], [UPDATED_DATETIME], [UPDATED_ID]) VALUES (23, 6, N'ค่าใช้จ่ายในการสัมมนาและฝึกอบรม', N'-', 0, 1, CAST(N'2020-11-11T14:16:23.767' AS DateTime), 1, NULL, NULL)
GO
INSERT [dbo].[T_EXPENSES_ITEM] ([EXPENSES_ID], [EXPENSES_GROUP_ID], [EXPENSES_NAME], [FORM_TEMPLATE_NAME], [CAN_ADD_PROJECT], [ACTIVE], [CREATED_DATETIME], [USER_ID], [UPDATED_DATETIME], [UPDATED_ID]) VALUES (24, 6, N'ค่าโฆษณาและเผยแพร่', N'-', 0, 1, CAST(N'2020-11-11T14:17:03.883' AS DateTime), 1, NULL, NULL)
GO
INSERT [dbo].[T_EXPENSES_ITEM] ([EXPENSES_ID], [EXPENSES_GROUP_ID], [EXPENSES_NAME], [FORM_TEMPLATE_NAME], [CAN_ADD_PROJECT], [ACTIVE], [CREATED_DATETIME], [USER_ID], [UPDATED_DATETIME], [UPDATED_ID]) VALUES (25, 6, N'ค่าใช้จ่ายในการบำรุงรักษาเครื่องปรับอากาศ', N'-', 0, 1, CAST(N'2020-11-11T14:17:35.273' AS DateTime), 1, NULL, NULL)
GO
INSERT [dbo].[T_EXPENSES_ITEM] ([EXPENSES_ID], [EXPENSES_GROUP_ID], [EXPENSES_NAME], [FORM_TEMPLATE_NAME], [CAN_ADD_PROJECT], [ACTIVE], [CREATED_DATETIME], [USER_ID], [UPDATED_DATETIME], [UPDATED_ID]) VALUES (26, 6, N'ค่าใช้สอยอื่น', N'-', 0, 1, CAST(N'2020-11-11T14:18:06.020' AS DateTime), 1, NULL, NULL)
GO
INSERT [dbo].[T_EXPENSES_ITEM] ([EXPENSES_ID], [EXPENSES_GROUP_ID], [EXPENSES_NAME], [FORM_TEMPLATE_NAME], [CAN_ADD_PROJECT], [ACTIVE], [CREATED_DATETIME], [USER_ID], [UPDATED_DATETIME], [UPDATED_ID]) VALUES (27, 8, N'ค่าวัสดุสำนักงาน', N'ChargeForMaterialOfficialForm', 0, 1, CAST(N'2020-11-11T14:18:46.207' AS DateTime), 1, CAST(N'2020-11-12T09:00:24.190' AS DateTime), 2)
GO
INSERT [dbo].[T_EXPENSES_ITEM] ([EXPENSES_ID], [EXPENSES_GROUP_ID], [EXPENSES_NAME], [FORM_TEMPLATE_NAME], [CAN_ADD_PROJECT], [ACTIVE], [CREATED_DATETIME], [USER_ID], [UPDATED_DATETIME], [UPDATED_ID]) VALUES (28, 8, N'ค่าวัสดุเชื้อเพลิงและหล่อลื่น', N'ChargeForOilAndLubricateForm', 0, 1, CAST(N'2020-11-11T14:19:10.100' AS DateTime), 1, CAST(N'2020-11-12T09:00:57.163' AS DateTime), 2)
GO
INSERT [dbo].[T_EXPENSES_ITEM] ([EXPENSES_ID], [EXPENSES_GROUP_ID], [EXPENSES_NAME], [FORM_TEMPLATE_NAME], [CAN_ADD_PROJECT], [ACTIVE], [CREATED_DATETIME], [USER_ID], [UPDATED_DATETIME], [UPDATED_ID]) VALUES (29, 8, N'ค่าวัสดุไฟฟ้าและวิทยุ', N'ChargeForElectricalAndRadioForm', 0, 1, CAST(N'2020-11-11T14:19:37.957' AS DateTime), 1, CAST(N'2020-11-12T09:01:14.967' AS DateTime), 2)
GO
INSERT [dbo].[T_EXPENSES_ITEM] ([EXPENSES_ID], [EXPENSES_GROUP_ID], [EXPENSES_NAME], [FORM_TEMPLATE_NAME], [CAN_ADD_PROJECT], [ACTIVE], [CREATED_DATETIME], [USER_ID], [UPDATED_DATETIME], [UPDATED_ID]) VALUES (30, 8, N'ค่าวัสดุวิทยาศาสตร์หรือการแพทย์', N'ChargeForScienceAndMedicalForm', 0, 1, CAST(N'2020-11-11T14:20:13.577' AS DateTime), 1, CAST(N'2020-11-12T09:01:29.950' AS DateTime), 2)
GO
INSERT [dbo].[T_EXPENSES_ITEM] ([EXPENSES_ID], [EXPENSES_GROUP_ID], [EXPENSES_NAME], [FORM_TEMPLATE_NAME], [CAN_ADD_PROJECT], [ACTIVE], [CREATED_DATETIME], [USER_ID], [UPDATED_DATETIME], [UPDATED_ID]) VALUES (31, 8, N'ค่าวัสดุคอมพิวเตอร์', N'ComputerMaterialForm', 0, 1, CAST(N'2020-11-11T14:20:41.640' AS DateTime), 1, CAST(N'2020-11-12T09:01:46.527' AS DateTime), 2)
GO
INSERT [dbo].[T_EXPENSES_ITEM] ([EXPENSES_ID], [EXPENSES_GROUP_ID], [EXPENSES_NAME], [FORM_TEMPLATE_NAME], [CAN_ADD_PROJECT], [ACTIVE], [CREATED_DATETIME], [USER_ID], [UPDATED_DATETIME], [UPDATED_ID]) VALUES (32, 8, N'ค่าวัสดุยานพาหนะและขนส่ง', N'VehicleEquipmentAndTransport', 0, 1, CAST(N'2020-11-11T14:21:13.203' AS DateTime), 1, CAST(N'2020-11-12T09:03:33.320' AS DateTime), 2)
GO
INSERT [dbo].[T_EXPENSES_ITEM] ([EXPENSES_ID], [EXPENSES_GROUP_ID], [EXPENSES_NAME], [FORM_TEMPLATE_NAME], [CAN_ADD_PROJECT], [ACTIVE], [CREATED_DATETIME], [USER_ID], [UPDATED_DATETIME], [UPDATED_ID]) VALUES (33, 25, N'ค่าไฟฟ้า ประปา โทรศัพท์ ไปรษณีย์ ค่าบริการสื่อสารและโทรคมนาคม', N'PublicUtilitiesForm', 0, 1, CAST(N'2020-11-11T14:24:25.790' AS DateTime), 1, CAST(N'2020-11-12T09:06:45.493' AS DateTime), 2)
GO
INSERT [dbo].[T_EXPENSES_ITEM] ([EXPENSES_ID], [EXPENSES_GROUP_ID], [EXPENSES_NAME], [FORM_TEMPLATE_NAME], [CAN_ADD_PROJECT], [ACTIVE], [CREATED_DATETIME], [USER_ID], [UPDATED_DATETIME], [UPDATED_ID]) VALUES (34, 22, N'ครุภัณฑ์สำนักงาน', N'OfficialEquipmentForm', 0, 1, CAST(N'2020-11-11T14:25:07.823' AS DateTime), 1, CAST(N'2020-11-12T08:55:07.450' AS DateTime), 2)
GO
INSERT [dbo].[T_EXPENSES_ITEM] ([EXPENSES_ID], [EXPENSES_GROUP_ID], [EXPENSES_NAME], [FORM_TEMPLATE_NAME], [CAN_ADD_PROJECT], [ACTIVE], [CREATED_DATETIME], [USER_ID], [UPDATED_DATETIME], [UPDATED_ID]) VALUES (35, 22, N'ครุภัณฑ์คอมพิวเตอร์', N'ComputerEquipmentForm', 0, 1, CAST(N'2020-11-11T14:25:29.657' AS DateTime), 1, CAST(N'2020-11-12T08:55:23.913' AS DateTime), 2)
GO
INSERT [dbo].[T_EXPENSES_ITEM] ([EXPENSES_ID], [EXPENSES_GROUP_ID], [EXPENSES_NAME], [FORM_TEMPLATE_NAME], [CAN_ADD_PROJECT], [ACTIVE], [CREATED_DATETIME], [USER_ID], [UPDATED_DATETIME], [UPDATED_ID]) VALUES (36, 22, N'ครุภัณฑ์ยานพาหนะและขนส่ง', N'VehicleAndTransportEquipmentForm', 0, 1, CAST(N'2020-11-11T14:26:03.987' AS DateTime), 1, CAST(N'2020-11-12T08:55:40.947' AS DateTime), 2)
GO
INSERT [dbo].[T_EXPENSES_ITEM] ([EXPENSES_ID], [EXPENSES_GROUP_ID], [EXPENSES_NAME], [FORM_TEMPLATE_NAME], [CAN_ADD_PROJECT], [ACTIVE], [CREATED_DATETIME], [USER_ID], [UPDATED_DATETIME], [UPDATED_ID]) VALUES (37, 22, N'ครุภัณฑ์วิทยาศาสตร์', N'ScienceEquipmentForm', 0, 1, CAST(N'2020-11-11T14:26:50.737' AS DateTime), 1, CAST(N'2020-11-12T08:55:56.727' AS DateTime), 2)
GO
INSERT [dbo].[T_EXPENSES_ITEM] ([EXPENSES_ID], [EXPENSES_GROUP_ID], [EXPENSES_NAME], [FORM_TEMPLATE_NAME], [CAN_ADD_PROJECT], [ACTIVE], [CREATED_DATETIME], [USER_ID], [UPDATED_DATETIME], [UPDATED_ID]) VALUES (38, 22, N'ครุภัณฑ์อื่นๆ', N'OtherEquipmentForm', 0, 1, CAST(N'2020-11-11T14:27:30.443' AS DateTime), 1, CAST(N'2020-11-12T08:56:14.560' AS DateTime), 2)
GO
INSERT [dbo].[T_EXPENSES_ITEM] ([EXPENSES_ID], [EXPENSES_GROUP_ID], [EXPENSES_NAME], [FORM_TEMPLATE_NAME], [CAN_ADD_PROJECT], [ACTIVE], [CREATED_DATETIME], [USER_ID], [UPDATED_DATETIME], [UPDATED_ID]) VALUES (39, 23, N'ที่ดินและสิ่งก่อสร้าง', N'LandAndBuildingForm', 0, 1, CAST(N'2020-11-11T14:28:02.667' AS DateTime), 1, CAST(N'2020-11-12T09:06:26.237' AS DateTime), 2)
GO
INSERT [dbo].[T_EXPENSES_ITEM] ([EXPENSES_ID], [EXPENSES_GROUP_ID], [EXPENSES_NAME], [FORM_TEMPLATE_NAME], [CAN_ADD_PROJECT], [ACTIVE], [CREATED_DATETIME], [USER_ID], [UPDATED_DATETIME], [UPDATED_ID]) VALUES (40, 26, N'เงินอุดหนุนสำหรับค่าสินบนและเงินรางวัล สุรา ยาสูบ ไพ่ แสตมป์สรรพสามิตและ พ.ร.บ. ภาษีสรรพสามิต พ.ศ. 2527', N'SubsidyForm', 0, 1, CAST(N'2020-11-11T14:31:37.940' AS DateTime), 1, CAST(N'2020-11-12T09:06:10.580' AS DateTime), 2)
GO
INSERT [dbo].[T_EXPENSES_ITEM] ([EXPENSES_ID], [EXPENSES_GROUP_ID], [EXPENSES_NAME], [FORM_TEMPLATE_NAME], [CAN_ADD_PROJECT], [ACTIVE], [CREATED_DATETIME], [USER_ID], [UPDATED_DATETIME], [UPDATED_ID]) VALUES (41, 27, N'ค่าใช้จ่ายในการจัดพิมพ์แสตมป์สรรพสามิต', N'ChargeForPrintStampForm', 0, 1, CAST(N'2020-11-11T14:32:14.270' AS DateTime), 1, CAST(N'2020-11-12T09:03:55.657' AS DateTime), 2)
GO
INSERT [dbo].[T_EXPENSES_ITEM] ([EXPENSES_ID], [EXPENSES_GROUP_ID], [EXPENSES_NAME], [FORM_TEMPLATE_NAME], [CAN_ADD_PROJECT], [ACTIVE], [CREATED_DATETIME], [USER_ID], [UPDATED_DATETIME], [UPDATED_ID]) VALUES (42, 27, N'ค่าใช้จ่ายในการอบรมต่างประเทศ', N'ExpensesSeminaForeignForm', 0, 1, CAST(N'2020-11-11T14:32:57.203' AS DateTime), 1, CAST(N'2020-11-12T09:04:10.123' AS DateTime), 2)
GO
INSERT [dbo].[T_EXPENSES_ITEM] ([EXPENSES_ID], [EXPENSES_GROUP_ID], [EXPENSES_NAME], [FORM_TEMPLATE_NAME], [CAN_ADD_PROJECT], [ACTIVE], [CREATED_DATETIME], [USER_ID], [UPDATED_DATETIME], [UPDATED_ID]) VALUES (43, 27, N'ค่าใช้จ่ายในการประชุมต่างประเทศ', N'ExpensesConferenceForeignForm', 0, 1, CAST(N'2020-11-11T14:33:25.427' AS DateTime), 1, CAST(N'2020-11-12T09:04:25.323' AS DateTime), 2)
GO
INSERT [dbo].[T_EXPENSES_ITEM] ([EXPENSES_ID], [EXPENSES_GROUP_ID], [EXPENSES_NAME], [FORM_TEMPLATE_NAME], [CAN_ADD_PROJECT], [ACTIVE], [CREATED_DATETIME], [USER_ID], [UPDATED_DATETIME], [UPDATED_ID]) VALUES (44, 27, N'ค่าจ้างที่ปรึกษา', N'HireAdvisorForm', 0, 1, CAST(N'2020-11-11T14:33:48.890' AS DateTime), 1, CAST(N'2020-11-12T09:04:42.340' AS DateTime), 2)
GO
INSERT [dbo].[T_EXPENSES_ITEM] ([EXPENSES_ID], [EXPENSES_GROUP_ID], [EXPENSES_NAME], [FORM_TEMPLATE_NAME], [CAN_ADD_PROJECT], [ACTIVE], [CREATED_DATETIME], [USER_ID], [UPDATED_DATETIME], [UPDATED_ID]) VALUES (45, 27, N'ค่าทุนการศึกษาต่อ', N'EducationFundForm', 0, 1, CAST(N'2020-11-11T14:34:49.123' AS DateTime), 1, CAST(N'2020-11-12T09:04:56.577' AS DateTime), 2)
GO
INSERT [dbo].[T_EXPENSES_ITEM] ([EXPENSES_ID], [EXPENSES_GROUP_ID], [EXPENSES_NAME], [FORM_TEMPLATE_NAME], [CAN_ADD_PROJECT], [ACTIVE], [CREATED_DATETIME], [USER_ID], [UPDATED_DATETIME], [UPDATED_ID]) VALUES (46, 27, N'โครงการตรวจสุขภาพ (ลูกจ้างชั่วคราว)', N'HealthCheckProjectForm', 0, 1, CAST(N'2020-11-11T14:35:21.077' AS DateTime), 1, CAST(N'2020-11-12T09:05:15.240' AS DateTime), 2)
GO
INSERT [dbo].[T_EXPENSES_ITEM] ([EXPENSES_ID], [EXPENSES_GROUP_ID], [EXPENSES_NAME], [FORM_TEMPLATE_NAME], [CAN_ADD_PROJECT], [ACTIVE], [CREATED_DATETIME], [USER_ID], [UPDATED_DATETIME], [UPDATED_ID]) VALUES (47, 27, N'ค่าถอนคืนรายได้แผ่นดิน', N'GovernmentIncomeForm', 0, 1, CAST(N'2020-11-11T14:35:44.843' AS DateTime), 1, CAST(N'2020-11-12T09:05:32.193' AS DateTime), 2)
GO
INSERT [dbo].[T_EXPENSES_ITEM] ([EXPENSES_ID], [EXPENSES_GROUP_ID], [EXPENSES_NAME], [FORM_TEMPLATE_NAME], [CAN_ADD_PROJECT], [ACTIVE], [CREATED_DATETIME], [USER_ID], [UPDATED_DATETIME], [UPDATED_ID]) VALUES (48, 27, N'โอนให้กระทรวงการคลังฯ', N'TranferToMinistryOfFinancialForm', 0, 1, CAST(N'2020-11-11T14:36:33.467' AS DateTime), 1, CAST(N'2020-11-12T09:05:47.113' AS DateTime), 2)
GO
SET IDENTITY_INSERT [dbo].[T_EXPENSES_ITEM] OFF
GO
SET IDENTITY_INSERT [dbo].[T_EXPENSES_MASTER] ON 
GO
INSERT [dbo].[T_EXPENSES_MASTER] ([EXPENSES_MASTER_ID], [EXPENSES_MASTER_NAME], [ACTIVE], [CREATED_DATETIME], [USER_ID], [UPDATED_DATETIME], [UPDATED_ID]) VALUES (1, N'เงินเดือนและค่าจ้างประจำ ', 1, CAST(N'2020-09-24T10:58:00.000' AS DateTime), 1, NULL, NULL)
GO
INSERT [dbo].[T_EXPENSES_MASTER] ([EXPENSES_MASTER_ID], [EXPENSES_MASTER_NAME], [ACTIVE], [CREATED_DATETIME], [USER_ID], [UPDATED_DATETIME], [UPDATED_ID]) VALUES (2, N'หมวดค่าตอบแทน ใช้สอยและวัสดุ', 1, CAST(N'2020-09-24T10:58:00.000' AS DateTime), 1, NULL, NULL)
GO
INSERT [dbo].[T_EXPENSES_MASTER] ([EXPENSES_MASTER_ID], [EXPENSES_MASTER_NAME], [ACTIVE], [CREATED_DATETIME], [USER_ID], [UPDATED_DATETIME], [UPDATED_ID]) VALUES (3, N'ค่าครุภัณฑ์ ที่ดินและสิ่งก่อสร้าง', 1, CAST(N'2020-09-24T10:58:00.000' AS DateTime), 1, CAST(N'2020-11-04T04:30:35.933' AS DateTime), 1)
GO
INSERT [dbo].[T_EXPENSES_MASTER] ([EXPENSES_MASTER_ID], [EXPENSES_MASTER_NAME], [ACTIVE], [CREATED_DATETIME], [USER_ID], [UPDATED_DATETIME], [UPDATED_ID]) VALUES (4, N'test xxxx', -1, CAST(N'2020-09-29T23:37:39.170' AS DateTime), 1, CAST(N'2020-09-29T23:37:50.167' AS DateTime), 1)
GO
INSERT [dbo].[T_EXPENSES_MASTER] ([EXPENSES_MASTER_ID], [EXPENSES_MASTER_NAME], [ACTIVE], [CREATED_DATETIME], [USER_ID], [UPDATED_DATETIME], [UPDATED_ID]) VALUES (5, N'ค่าตอบแทนทดสอบ3-1', -1, CAST(N'2020-10-25T21:38:10.567' AS DateTime), 1, CAST(N'2020-10-25T21:42:52.747' AS DateTime), 1)
GO
INSERT [dbo].[T_EXPENSES_MASTER] ([EXPENSES_MASTER_ID], [EXPENSES_MASTER_NAME], [ACTIVE], [CREATED_DATETIME], [USER_ID], [UPDATED_DATETIME], [UPDATED_ID]) VALUES (6, N'กดหกด', -1, CAST(N'2020-11-04T04:30:45.983' AS DateTime), 1, CAST(N'2020-11-04T04:30:51.527' AS DateTime), 1)
GO
INSERT [dbo].[T_EXPENSES_MASTER] ([EXPENSES_MASTER_ID], [EXPENSES_MASTER_NAME], [ACTIVE], [CREATED_DATETIME], [USER_ID], [UPDATED_DATETIME], [UPDATED_ID]) VALUES (7, N'งบเงินอุดหนุน', 1, CAST(N'2020-11-04T09:47:52.807' AS DateTime), 1, NULL, NULL)
GO
INSERT [dbo].[T_EXPENSES_MASTER] ([EXPENSES_MASTER_ID], [EXPENSES_MASTER_NAME], [ACTIVE], [CREATED_DATETIME], [USER_ID], [UPDATED_DATETIME], [UPDATED_ID]) VALUES (8, N'งบรายจ่ายอื่น', 1, CAST(N'2020-11-04T09:48:36.010' AS DateTime), 1, NULL, NULL)
GO
INSERT [dbo].[T_EXPENSES_MASTER] ([EXPENSES_MASTER_ID], [EXPENSES_MASTER_NAME], [ACTIVE], [CREATED_DATETIME], [USER_ID], [UPDATED_DATETIME], [UPDATED_ID]) VALUES (9, N'ค่าสาธารณูปโภค', 1, CAST(N'2020-11-11T14:22:25.593' AS DateTime), 1, NULL, NULL)
GO
SET IDENTITY_INSERT [dbo].[T_EXPENSES_MASTER] OFF
GO




-- ==========================================================================================================================
--  ด้านล่างนี้เป็นข้อมูลสำหรับไว้ทดสอบระบบ
-- ==========================================================================================================================

-- ข้อมูลเขตพื้นที่
TRUNCATE TABLE T_AREA
INSERT INTO T_AREA(AREA_CODE, AREA_NAME) VALUES
('AREA_99', 'เขตพื้นที่ 99'),
('AREA_01', 'เขตพื้นที่ 01'),
('AREA_02', 'เขตพื้นที่ 02')
GO
-- ข้อมูลหน่วยงาน เพื่อทดสอบ
TRUNCATE TABLE T_DEPARTMENT;
INSERT INTO T_DEPARTMENT(AREA_ID, DEP_AUTHORIZE, DEP_NAME, DEP_SHORT_NAME, DEP_CODE, SORT_INDEX, CREATED_DATETIME, USER_ID, ACTIVE) VALUES
(1, 1, 'Fusionsole Co.,Ltd.', 'Fusion', '0000000000', 999, GETDATE(), 0, 1),
(2, 2, 'นนทบุรี 1', 'นนทบุรี 1', '0000000000', 1, GETDATE(), 0, 1),
(2, 2, 'สมุทรปราการ 1', 'สมุทรปราการ 1', '0000000000', 2, GETDATE(), 0, 1)
GO

-- ข้อมูลตำแหน่งงาน เพื่อทดสอบ
TRUNCATE TABLE T_POSITION;
INSERT INTO T_POSITION(POSITION_NAME, SORT_INDEX, ACTIVE, CREATED_DATETIME, USER_ID)VALUES
('ผู้ดูแลระบบ', 1, 1, GETDATE(), 0)
GO

-- ข้อมูลบุคลากร เพื่อทดสอบ
-- PWD_HASH เข้ารหัสด้วย BCrypt 12
-- Default: 1234
TRUNCATE TABLE T_PERSONNEL;
INSERT INTO T_PERSONNEL(PERSON_TYPE_ID, DEP_ID, POSITION_ID, PREFIX_NAME, PERSON_CODE, FIRST_NAME, LAST_NAME
, EMAIL_ADDR, SEX_TYPE, MOBILE_NO, ACC_TYPE, ACTIVE
, CREATED_DATETIME, USER_ID, PERIOD_ID, PWD_HASH) VALUES
(1, 1, 1, 'นาย', '9999', 'ชินดนัย', 'ประกอบผล', 'admin@gmail.com', 'M', '0980488274', 1, 1, GETDATE(), 0, NULL, '$2a$12$WpPH7YfpzGQO47ai8kJckukiItbHFm44nq9iuqZxlPmUJH24RsQha'), -- Super, Admin
(2, 1, 1, 'นาย', '9990', 'admin 1', '-', 'admin1@gmail.com', 'M', '0980488274', 1, 1, GETDATE(), 0, NULL, '$2a$12$WpPH7YfpzGQO47ai8kJckukiItbHFm44nq9iuqZxlPmUJH24RsQha'), -- Super, Admin
(3, 1, 1, 'นาย', '9900', 'admin 2', '-', 'admin2@gmail.com', 'M', '0980488274', 1, 1, GETDATE(), 0, NULL, '$2a$12$WpPH7YfpzGQO47ai8kJckukiItbHFm44nq9iuqZxlPmUJH24RsQha') -- Super, Admin
GO

-- กำหนดกลุ่มผู้ใช้งาน ให้กับบุคลกร เพื่อทดสอบ
TRUNCATE TABLE T_PERSONNEL_AUTHORIZE;
INSERT INTO T_PERSONNEL_AUTHORIZE(PERSON_ID, ROLE_ID, ACTIVE, CREATED_DATETIME, USER_ID) VALUES
(1, 1, 1, GETDATE(), 0) -- Super, Admin
GO


TRUNCATE TABLE T_CONFIGURATION_DETAIL;
INSERT INTO T_CONFIGURATION_DETAIL(CONFIG_ID, ITEM_VALUE, ITEM_VALUE2, ITEM_VALUE3, ITEM_DESCRIPTION, EFFECTIVE_DATE, ACTIVE, CREATED_DATETIME, USER_ID) VALUES
(1, 'f0744a92170f6d41fd2ba95e51c32925', NULL, NULL, 'กำหนด Token สำหรับการเข้าถึงจากภายนอกโดยไม่ต้อง Login ซึ่งต้องใช้ empCode, token เป็นองค์ประกอบ', GETDATE(), 1, GETDATE(), 0),
(2, '5', '750', NULL, 'ร้อยละของอัตราเงินเดือนที่ใช้สำหรับเงินสมทบกองทุนประกันสังคม แต่ไม่เกิน 750 บาท/เดือน', GETDATE(), 1, GETDATE(), 0),
(3, '2.5', NULL, NULL, 'ร้อยละของอัตราเงินเดือนที่ใช้สำหรับเงินสมทบกองทุนเงินทดแทน', GETDATE(), 1, GETDATE(), 0),
(4, '60', NULL, NULL, 'ค่าตอบแทนการปฏิบัติงานนอกเวลาราชการ วันทำการ (ต่อชั่วโมง)', GETDATE(), 1, GETDATE(), 0),
(5, '45', NULL, NULL, 'ค่าตอบแทนการปฏิบัติงานนอกเวลาราชการ วันหยุด (ต่อชั่วโมง)', GETDATE(), 1, GETDATE(), 0)
GO