

-- ตารางงบรายจ่าย
TRUNCATE TABLE [dbo].[T_BUDGET_TYPE]
GO
SET IDENTITY_INSERT [dbo].[T_BUDGET_TYPE] ON 
GO
INSERT [dbo].[T_BUDGET_TYPE] ([BUDGET_TYPE_ID], [BUDGET_TYPE_NAME], [ACTIVE], [CREATED_DATETIME], [USER_ID], [UPDATED_DATETIME], [UPDATED_ID]) VALUES (1, N'งบดำเนินงาน', 1, CAST(N'2020-08-30T21:26:16.273' AS DateTime), 0, CAST(N'2020-11-12T09:21:01.130' AS DateTime), 2)
GO
INSERT [dbo].[T_BUDGET_TYPE] ([BUDGET_TYPE_ID], [BUDGET_TYPE_NAME], [ACTIVE], [CREATED_DATETIME], [USER_ID], [UPDATED_DATETIME], [UPDATED_ID]) VALUES (2, N'งบลงทุน', 1, CAST(N'2020-08-30T21:26:16.273' AS DateTime), 1, NULL, NULL)
GO
INSERT [dbo].[T_BUDGET_TYPE] ([BUDGET_TYPE_ID], [BUDGET_TYPE_NAME], [ACTIVE], [CREATED_DATETIME], [USER_ID], [UPDATED_DATETIME], [UPDATED_ID]) VALUES (3, N'งบเงินอุดหนุน', 1, CAST(N'2020-08-30T21:26:16.273' AS DateTime), 1, CAST(N'2020-10-28T13:28:01.367' AS DateTime), 1)
GO
INSERT [dbo].[T_BUDGET_TYPE] ([BUDGET_TYPE_ID], [BUDGET_TYPE_NAME], [ACTIVE], [CREATED_DATETIME], [USER_ID], [UPDATED_DATETIME], [UPDATED_ID]) VALUES (4, N'งบบุคลากร', 1, CAST(N'2020-08-30T21:26:16.273' AS DateTime), 1, NULL, NULL)
GO
INSERT [dbo].[T_BUDGET_TYPE] ([BUDGET_TYPE_ID], [BUDGET_TYPE_NAME], [ACTIVE], [CREATED_DATETIME], [USER_ID], [UPDATED_DATETIME], [UPDATED_ID]) VALUES (5, N'งบรายจ่ายอื่น', 1, CAST(N'2020-09-24T10:58:00.000' AS DateTime), 1, CAST(N'2020-11-04T08:52:43.713' AS DateTime), 1)
GO
INSERT [dbo].[T_BUDGET_TYPE] ([BUDGET_TYPE_ID], [BUDGET_TYPE_NAME], [ACTIVE], [CREATED_DATETIME], [USER_ID], [UPDATED_DATETIME], [UPDATED_ID]) VALUES (7, N'test', -1, CAST(N'2020-09-29T00:33:32.353' AS DateTime), 1, CAST(N'2020-09-29T00:33:38.173' AS DateTime), 1)
GO
INSERT [dbo].[T_BUDGET_TYPE] ([BUDGET_TYPE_ID], [BUDGET_TYPE_NAME], [ACTIVE], [CREATED_DATETIME], [USER_ID], [UPDATED_DATETIME], [UPDATED_ID]) VALUES (8, N'test114444', -1, CAST(N'2020-09-29T21:52:59.557' AS DateTime), 1, CAST(N'2020-09-29T21:53:11.597' AS DateTime), 1)
GO
INSERT [dbo].[T_BUDGET_TYPE] ([BUDGET_TYPE_ID], [BUDGET_TYPE_NAME], [ACTIVE], [CREATED_DATETIME], [USER_ID], [UPDATED_DATETIME], [UPDATED_ID]) VALUES (9, N'11', -1, CAST(N'2020-10-03T17:31:40.220' AS DateTime), 1, CAST(N'2020-10-03T17:31:44.917' AS DateTime), 1)
GO
INSERT [dbo].[T_BUDGET_TYPE] ([BUDGET_TYPE_ID], [BUDGET_TYPE_NAME], [ACTIVE], [CREATED_DATETIME], [USER_ID], [UPDATED_DATETIME], [UPDATED_ID]) VALUES (10, N'test2', -1, CAST(N'2020-10-24T22:47:53.967' AS DateTime), 1, CAST(N'2020-10-28T13:28:26.227' AS DateTime), 1)
GO
INSERT [dbo].[T_BUDGET_TYPE] ([BUDGET_TYPE_ID], [BUDGET_TYPE_NAME], [ACTIVE], [CREATED_DATETIME], [USER_ID], [UPDATED_DATETIME], [UPDATED_ID]) VALUES (11, N'งบเพิ่มเติม2', -1, CAST(N'2020-10-25T21:16:29.100' AS DateTime), 1, CAST(N'2020-10-25T21:28:09.127' AS DateTime), 1)
GO
INSERT [dbo].[T_BUDGET_TYPE] ([BUDGET_TYPE_ID], [BUDGET_TYPE_NAME], [ACTIVE], [CREATED_DATETIME], [USER_ID], [UPDATED_DATETIME], [UPDATED_ID]) VALUES (12, N'ป', -1, CAST(N'2020-10-26T17:37:26.853' AS DateTime), 2, CAST(N'2020-10-28T13:28:31.243' AS DateTime), 1)
GO
INSERT [dbo].[T_BUDGET_TYPE] ([BUDGET_TYPE_ID], [BUDGET_TYPE_NAME], [ACTIVE], [CREATED_DATETIME], [USER_ID], [UPDATED_DATETIME], [UPDATED_ID]) VALUES (13, N'ป', -1, CAST(N'2020-10-26T17:37:38.317' AS DateTime), 2, CAST(N'2020-10-28T13:28:35.680' AS DateTime), 1)
GO
INSERT [dbo].[T_BUDGET_TYPE] ([BUDGET_TYPE_ID], [BUDGET_TYPE_NAME], [ACTIVE], [CREATED_DATETIME], [USER_ID], [UPDATED_DATETIME], [UPDATED_ID]) VALUES (14, N'testxxxx', -1, CAST(N'2020-11-04T08:49:05.927' AS DateTime), 1, CAST(N'2020-11-04T08:50:12.543' AS DateTime), 1)
GO
SET IDENTITY_INSERT [dbo].[T_BUDGET_TYPE] OFF
GO

-- ข้อมูลอ้างอิงของรัฐบาล ในสว่นของงบรายจ่าย
TRUNCATE TABLE [dbo].[T_BUDGET_TYPE_GOVERNMENT_REFER_CODE]
GO
INSERT [dbo].[T_BUDGET_TYPE_GOVERNMENT_REFER_CODE] ([YR], [BUDGET_TYPE_ID], [GOVERNMENT_REFER_CODE], [REMARK_TEXT]) VALUES (2020, 14, N'xxxxx', NULL)
GO
INSERT [dbo].[T_BUDGET_TYPE_GOVERNMENT_REFER_CODE] ([YR], [BUDGET_TYPE_ID], [GOVERNMENT_REFER_CODE], [REMARK_TEXT]) VALUES (2021, 1, N'5543455643454', N'ccc')
GO
INSERT [dbo].[T_BUDGET_TYPE_GOVERNMENT_REFER_CODE] ([YR], [BUDGET_TYPE_ID], [GOVERNMENT_REFER_CODE], [REMARK_TEXT]) VALUES (2021, 14, N'6311100', NULL)
GO

-- ข้อมูล GL ของรายการค่าใช้จ่ายแต่ละตัว
TRUNCATE TABLE [dbo].[T_EXPENSES_GLCODE]
GO
INSERT [dbo].[T_EXPENSES_GLCODE] ([EXPENSES_ID], [GLCODE], [GL_TEXT]) VALUES (1, N'5101020108', N'-')
GO
INSERT [dbo].[T_EXPENSES_GLCODE] ([EXPENSES_ID], [GLCODE], [GL_TEXT]) VALUES (2, N'5101010115', N'-')
GO
INSERT [dbo].[T_EXPENSES_GLCODE] ([EXPENSES_ID], [GLCODE], [GL_TEXT]) VALUES (3, N'5101010101', N'-')
GO
INSERT [dbo].[T_EXPENSES_GLCODE] ([EXPENSES_ID], [GLCODE], [GL_TEXT]) VALUES (4, N'5101020115', N'-')
GO
INSERT [dbo].[T_EXPENSES_GLCODE] ([EXPENSES_ID], [GLCODE], [GL_TEXT]) VALUES (5, N'5101020106', N'ข')
GO
INSERT [dbo].[T_EXPENSES_GLCODE] ([EXPENSES_ID], [GLCODE], [GL_TEXT]) VALUES (6, N'5101020116', N'-')
GO
INSERT [dbo].[T_EXPENSES_GLCODE] ([EXPENSES_ID], [GLCODE], [GL_TEXT]) VALUES (7, N'xxxxxxxxxx', N'-')
GO
INSERT [dbo].[T_EXPENSES_GLCODE] ([EXPENSES_ID], [GLCODE], [GL_TEXT]) VALUES (8, N'xxxxxxxxxx', N'-')
GO
INSERT [dbo].[T_EXPENSES_GLCODE] ([EXPENSES_ID], [GLCODE], [GL_TEXT]) VALUES (9, N'xxxxxxxxxx', N'-')
GO
INSERT [dbo].[T_EXPENSES_GLCODE] ([EXPENSES_ID], [GLCODE], [GL_TEXT]) VALUES (10, N'xxxxxxxxxx', N'-')
GO
INSERT [dbo].[T_EXPENSES_GLCODE] ([EXPENSES_ID], [GLCODE], [GL_TEXT]) VALUES (11, N'xxxxxxxxxx', N'-')
GO
INSERT [dbo].[T_EXPENSES_GLCODE] ([EXPENSES_ID], [GLCODE], [GL_TEXT]) VALUES (12, N'xxxxxxxxxx', N'-')
GO
INSERT [dbo].[T_EXPENSES_GLCODE] ([EXPENSES_ID], [GLCODE], [GL_TEXT]) VALUES (13, N'xxxxxxxxxx', N'-')
GO
INSERT [dbo].[T_EXPENSES_GLCODE] ([EXPENSES_ID], [GLCODE], [GL_TEXT]) VALUES (14, N'xxxxxxxxxx', N'-')
GO
INSERT [dbo].[T_EXPENSES_GLCODE] ([EXPENSES_ID], [GLCODE], [GL_TEXT]) VALUES (15, N'xxxxxxxxxx', N'-')
GO
INSERT [dbo].[T_EXPENSES_GLCODE] ([EXPENSES_ID], [GLCODE], [GL_TEXT]) VALUES (16, N'xxxxxxxxxx', N'-')
GO
INSERT [dbo].[T_EXPENSES_GLCODE] ([EXPENSES_ID], [GLCODE], [GL_TEXT]) VALUES (17, N'xxxxxxxxxx', N'-')
GO
INSERT [dbo].[T_EXPENSES_GLCODE] ([EXPENSES_ID], [GLCODE], [GL_TEXT]) VALUES (18, N'xxxxxxxxxx', N'-')
GO
INSERT [dbo].[T_EXPENSES_GLCODE] ([EXPENSES_ID], [GLCODE], [GL_TEXT]) VALUES (19, N'xxxxxxxxxx', N'-')
GO
INSERT [dbo].[T_EXPENSES_GLCODE] ([EXPENSES_ID], [GLCODE], [GL_TEXT]) VALUES (20, N'xxxxxxxxxx', N'-')
GO
INSERT [dbo].[T_EXPENSES_GLCODE] ([EXPENSES_ID], [GLCODE], [GL_TEXT]) VALUES (21, N'xxxxxxxxxx', N'-')
GO
INSERT [dbo].[T_EXPENSES_GLCODE] ([EXPENSES_ID], [GLCODE], [GL_TEXT]) VALUES (22, N'xxxxxxxxxx', N'-')
GO
INSERT [dbo].[T_EXPENSES_GLCODE] ([EXPENSES_ID], [GLCODE], [GL_TEXT]) VALUES (23, N'xxxxxxxxxx', N'-')
GO
INSERT [dbo].[T_EXPENSES_GLCODE] ([EXPENSES_ID], [GLCODE], [GL_TEXT]) VALUES (24, N'xxxxxxxxxx', N'-')
GO
INSERT [dbo].[T_EXPENSES_GLCODE] ([EXPENSES_ID], [GLCODE], [GL_TEXT]) VALUES (25, N'xxxxxxxxxx', N'-')
GO
INSERT [dbo].[T_EXPENSES_GLCODE] ([EXPENSES_ID], [GLCODE], [GL_TEXT]) VALUES (26, N'xxxxxxxxxx', N'-')
GO
INSERT [dbo].[T_EXPENSES_GLCODE] ([EXPENSES_ID], [GLCODE], [GL_TEXT]) VALUES (27, N'xxxxxxxxxx', N'-')
GO
INSERT [dbo].[T_EXPENSES_GLCODE] ([EXPENSES_ID], [GLCODE], [GL_TEXT]) VALUES (28, N'xxxxxxxxxx', N'-')
GO
INSERT [dbo].[T_EXPENSES_GLCODE] ([EXPENSES_ID], [GLCODE], [GL_TEXT]) VALUES (29, N'xxxxxxxxxx', N'-')
GO
INSERT [dbo].[T_EXPENSES_GLCODE] ([EXPENSES_ID], [GLCODE], [GL_TEXT]) VALUES (30, N'xxxxxxxxxx', N'-')
GO
INSERT [dbo].[T_EXPENSES_GLCODE] ([EXPENSES_ID], [GLCODE], [GL_TEXT]) VALUES (31, N'xxxxxxxxxx', N'-')
GO
INSERT [dbo].[T_EXPENSES_GLCODE] ([EXPENSES_ID], [GLCODE], [GL_TEXT]) VALUES (32, N'xxxxxxxxxx', N'-')
GO
INSERT [dbo].[T_EXPENSES_GLCODE] ([EXPENSES_ID], [GLCODE], [GL_TEXT]) VALUES (33, N'xxxxxxxxxx', N'-')
GO
INSERT [dbo].[T_EXPENSES_GLCODE] ([EXPENSES_ID], [GLCODE], [GL_TEXT]) VALUES (34, N'xxxxxxxxxx', N'-')
GO
INSERT [dbo].[T_EXPENSES_GLCODE] ([EXPENSES_ID], [GLCODE], [GL_TEXT]) VALUES (35, N'xxxxxxxxxx', N'-')
GO
INSERT [dbo].[T_EXPENSES_GLCODE] ([EXPENSES_ID], [GLCODE], [GL_TEXT]) VALUES (36, N'xxxxxxxxxx', N'-')
GO
INSERT [dbo].[T_EXPENSES_GLCODE] ([EXPENSES_ID], [GLCODE], [GL_TEXT]) VALUES (37, N'xxxxxxxxxx', N'-')
GO
INSERT [dbo].[T_EXPENSES_GLCODE] ([EXPENSES_ID], [GLCODE], [GL_TEXT]) VALUES (38, N'xxxxxxxxxx', N'-')
GO
INSERT [dbo].[T_EXPENSES_GLCODE] ([EXPENSES_ID], [GLCODE], [GL_TEXT]) VALUES (39, N'xxxxxxxxxx', N'-')
GO
INSERT [dbo].[T_EXPENSES_GLCODE] ([EXPENSES_ID], [GLCODE], [GL_TEXT]) VALUES (40, N'xxxxxxxxxx', N'-')
GO
INSERT [dbo].[T_EXPENSES_GLCODE] ([EXPENSES_ID], [GLCODE], [GL_TEXT]) VALUES (41, N'xxxxxxxxxx', N'-')
GO
INSERT [dbo].[T_EXPENSES_GLCODE] ([EXPENSES_ID], [GLCODE], [GL_TEXT]) VALUES (42, N'xxxxxxxxxx', N'-')
GO
INSERT [dbo].[T_EXPENSES_GLCODE] ([EXPENSES_ID], [GLCODE], [GL_TEXT]) VALUES (43, N'xxxxxxxxxx', N'-')
GO
INSERT [dbo].[T_EXPENSES_GLCODE] ([EXPENSES_ID], [GLCODE], [GL_TEXT]) VALUES (44, N'xxxxxxxxxx', N'-')
GO
INSERT [dbo].[T_EXPENSES_GLCODE] ([EXPENSES_ID], [GLCODE], [GL_TEXT]) VALUES (45, N'xxxxxxxxxx', N'-')
GO
INSERT [dbo].[T_EXPENSES_GLCODE] ([EXPENSES_ID], [GLCODE], [GL_TEXT]) VALUES (46, N'xxxxxxxxxx', N'-')
GO
INSERT [dbo].[T_EXPENSES_GLCODE] ([EXPENSES_ID], [GLCODE], [GL_TEXT]) VALUES (47, N'xxxxxxxxxx', N'-')
GO
INSERT [dbo].[T_EXPENSES_GLCODE] ([EXPENSES_ID], [GLCODE], [GL_TEXT]) VALUES (48, N'xxxxxxxxxx', N'-')
GO
INSERT [dbo].[T_EXPENSES_GLCODE] ([EXPENSES_ID], [GLCODE], [GL_TEXT]) VALUES (59, N'5101010101', N'ขฟิแกก')
GO


-- ข้อมูลหมวดค่าใช้จ่าย
TRUNCATE TABLE [dbo].[T_EXPENSES_GROUP]
GO
SET IDENTITY_INSERT [dbo].[T_EXPENSES_GROUP] ON 
GO
INSERT [dbo].[T_EXPENSES_GROUP] ([EXPENSES_GROUP_ID], [EXPENSES_MASTER_ID], [BUDGET_TYPE_ID], [EXPENSES_GROUP_NAME], [ACTIVE], [CREATED_DATETIME], [USER_ID], [UPDATED_DATETIME], [UPDATED_ID]) VALUES (1, 1, 4, N'เงินเดือน', -1, CAST(N'2020-09-24T10:58:00.000' AS DateTime), 1, CAST(N'2020-10-26T22:42:45.733' AS DateTime), 2)
GO
INSERT [dbo].[T_EXPENSES_GROUP] ([EXPENSES_GROUP_ID], [EXPENSES_MASTER_ID], [BUDGET_TYPE_ID], [EXPENSES_GROUP_NAME], [ACTIVE], [CREATED_DATETIME], [USER_ID], [UPDATED_DATETIME], [UPDATED_ID]) VALUES (2, 1, 4, N'ค่าจ้างประจำ', 1, CAST(N'2020-09-24T10:58:00.000' AS DateTime), 1, CAST(N'2020-11-04T08:13:00.433' AS DateTime), 1)
GO
INSERT [dbo].[T_EXPENSES_GROUP] ([EXPENSES_GROUP_ID], [EXPENSES_MASTER_ID], [BUDGET_TYPE_ID], [EXPENSES_GROUP_NAME], [ACTIVE], [CREATED_DATETIME], [USER_ID], [UPDATED_DATETIME], [UPDATED_ID]) VALUES (5, 2, 1, N'ค่าตอบแทน', 1, CAST(N'2020-09-24T10:58:00.000' AS DateTime), 1, NULL, NULL)
GO
INSERT [dbo].[T_EXPENSES_GROUP] ([EXPENSES_GROUP_ID], [EXPENSES_MASTER_ID], [BUDGET_TYPE_ID], [EXPENSES_GROUP_NAME], [ACTIVE], [CREATED_DATETIME], [USER_ID], [UPDATED_DATETIME], [UPDATED_ID]) VALUES (6, 2, 1, N'ค่าใช้สอย', 1, CAST(N'2020-09-24T10:58:00.000' AS DateTime), 1, NULL, NULL)
GO
INSERT [dbo].[T_EXPENSES_GROUP] ([EXPENSES_GROUP_ID], [EXPENSES_MASTER_ID], [BUDGET_TYPE_ID], [EXPENSES_GROUP_NAME], [ACTIVE], [CREATED_DATETIME], [USER_ID], [UPDATED_DATETIME], [UPDATED_ID]) VALUES (7, 2, 1, N'ค่าวัสดุสำนักงาน', -1, CAST(N'2020-09-24T10:58:00.000' AS DateTime), 1, CAST(N'2020-11-11T14:30:30.397' AS DateTime), 1)
GO
INSERT [dbo].[T_EXPENSES_GROUP] ([EXPENSES_GROUP_ID], [EXPENSES_MASTER_ID], [BUDGET_TYPE_ID], [EXPENSES_GROUP_NAME], [ACTIVE], [CREATED_DATETIME], [USER_ID], [UPDATED_DATETIME], [UPDATED_ID]) VALUES (8, 2, 1, N'ค่าวัสดุ', 1, CAST(N'2020-09-24T10:58:00.000' AS DateTime), 1, NULL, NULL)
GO
INSERT [dbo].[T_EXPENSES_GROUP] ([EXPENSES_GROUP_ID], [EXPENSES_MASTER_ID], [BUDGET_TYPE_ID], [EXPENSES_GROUP_NAME], [ACTIVE], [CREATED_DATETIME], [USER_ID], [UPDATED_DATETIME], [UPDATED_ID]) VALUES (15, NULL, 0, N'1', -1, CAST(N'2020-09-30T00:28:24.670' AS DateTime), 1, CAST(N'2020-09-30T00:28:37.193' AS DateTime), 1)
GO
INSERT [dbo].[T_EXPENSES_GROUP] ([EXPENSES_GROUP_ID], [EXPENSES_MASTER_ID], [BUDGET_TYPE_ID], [EXPENSES_GROUP_NAME], [ACTIVE], [CREATED_DATETIME], [USER_ID], [UPDATED_DATETIME], [UPDATED_ID]) VALUES (16, 1, 1, N'zzzzz', -1, CAST(N'2020-09-30T00:35:42.300' AS DateTime), 1, CAST(N'2020-09-30T00:48:11.757' AS DateTime), 1)
GO
INSERT [dbo].[T_EXPENSES_GROUP] ([EXPENSES_GROUP_ID], [EXPENSES_MASTER_ID], [BUDGET_TYPE_ID], [EXPENSES_GROUP_NAME], [ACTIVE], [CREATED_DATETIME], [USER_ID], [UPDATED_DATETIME], [UPDATED_ID]) VALUES (17, 3, 2, N'ค่าสร้างอาคารชุดพักอาศัยเพิ่มเติม', -1, CAST(N'2020-10-25T22:09:43.060' AS DateTime), 0, CAST(N'2020-10-25T22:15:11.083' AS DateTime), 0)
GO
INSERT [dbo].[T_EXPENSES_GROUP] ([EXPENSES_GROUP_ID], [EXPENSES_MASTER_ID], [BUDGET_TYPE_ID], [EXPENSES_GROUP_NAME], [ACTIVE], [CREATED_DATETIME], [USER_ID], [UPDATED_DATETIME], [UPDATED_ID]) VALUES (18, 1, 5, N'ปป', -1, CAST(N'2020-10-26T22:39:22.720' AS DateTime), 2, CAST(N'2020-10-27T10:14:56.607' AS DateTime), 2)
GO
INSERT [dbo].[T_EXPENSES_GROUP] ([EXPENSES_GROUP_ID], [EXPENSES_MASTER_ID], [BUDGET_TYPE_ID], [EXPENSES_GROUP_NAME], [ACTIVE], [CREATED_DATETIME], [USER_ID], [UPDATED_DATETIME], [UPDATED_ID]) VALUES (19, 2, 4, N'ค่าตอบแทน', -1, CAST(N'2020-10-27T10:15:15.060' AS DateTime), 2, CAST(N'2020-10-28T09:39:11.490' AS DateTime), 1)
GO
INSERT [dbo].[T_EXPENSES_GROUP] ([EXPENSES_GROUP_ID], [EXPENSES_MASTER_ID], [BUDGET_TYPE_ID], [EXPENSES_GROUP_NAME], [ACTIVE], [CREATED_DATETIME], [USER_ID], [UPDATED_DATETIME], [UPDATED_ID]) VALUES (20, 3, 2, N'ครุภัณฑ์', -1, CAST(N'2020-10-27T10:20:54.270' AS DateTime), 2, CAST(N'2020-10-28T09:39:16.020' AS DateTime), 1)
GO
INSERT [dbo].[T_EXPENSES_GROUP] ([EXPENSES_GROUP_ID], [EXPENSES_MASTER_ID], [BUDGET_TYPE_ID], [EXPENSES_GROUP_NAME], [ACTIVE], [CREATED_DATETIME], [USER_ID], [UPDATED_DATETIME], [UPDATED_ID]) VALUES (21, 2, 4, N'ค่าตอบแทน', 1, CAST(N'2020-10-28T09:39:34.403' AS DateTime), 1, NULL, NULL)
GO
INSERT [dbo].[T_EXPENSES_GROUP] ([EXPENSES_GROUP_ID], [EXPENSES_MASTER_ID], [BUDGET_TYPE_ID], [EXPENSES_GROUP_NAME], [ACTIVE], [CREATED_DATETIME], [USER_ID], [UPDATED_DATETIME], [UPDATED_ID]) VALUES (22, 3, 2, N'ครุภัณฑ์', 1, CAST(N'2020-10-28T10:00:13.873' AS DateTime), 1, CAST(N'2020-10-29T09:18:45.850' AS DateTime), 1)
GO
INSERT [dbo].[T_EXPENSES_GROUP] ([EXPENSES_GROUP_ID], [EXPENSES_MASTER_ID], [BUDGET_TYPE_ID], [EXPENSES_GROUP_NAME], [ACTIVE], [CREATED_DATETIME], [USER_ID], [UPDATED_DATETIME], [UPDATED_ID]) VALUES (23, 3, 2, N'ที่ดินและสิ่งก่อสร้าง', 1, CAST(N'2020-10-28T10:00:42.390' AS DateTime), 1, NULL, NULL)
GO
INSERT [dbo].[T_EXPENSES_GROUP] ([EXPENSES_GROUP_ID], [EXPENSES_MASTER_ID], [BUDGET_TYPE_ID], [EXPENSES_GROUP_NAME], [ACTIVE], [CREATED_DATETIME], [USER_ID], [UPDATED_DATETIME], [UPDATED_ID]) VALUES (24, 3, 1, N'ทดสอบ ภายใต้ งบดำเนินงาน', -1, CAST(N'2020-11-04T08:10:13.450' AS DateTime), 1, CAST(N'2020-11-04T08:10:44.757' AS DateTime), 1)
GO
INSERT [dbo].[T_EXPENSES_GROUP] ([EXPENSES_GROUP_ID], [EXPENSES_MASTER_ID], [BUDGET_TYPE_ID], [EXPENSES_GROUP_NAME], [ACTIVE], [CREATED_DATETIME], [USER_ID], [UPDATED_DATETIME], [UPDATED_ID]) VALUES (25, 9, 1, N'สาธารณูปโภค', 1, CAST(N'2020-11-11T14:23:46.397' AS DateTime), 1, NULL, NULL)
GO
INSERT [dbo].[T_EXPENSES_GROUP] ([EXPENSES_GROUP_ID], [EXPENSES_MASTER_ID], [BUDGET_TYPE_ID], [EXPENSES_GROUP_NAME], [ACTIVE], [CREATED_DATETIME], [USER_ID], [UPDATED_DATETIME], [UPDATED_ID]) VALUES (26, 7, 3, N'เงินอุดหนุนทั่วไป', 1, CAST(N'2020-11-11T14:29:40.403' AS DateTime), 1, NULL, NULL)
GO
INSERT [dbo].[T_EXPENSES_GROUP] ([EXPENSES_GROUP_ID], [EXPENSES_MASTER_ID], [BUDGET_TYPE_ID], [EXPENSES_GROUP_NAME], [ACTIVE], [CREATED_DATETIME], [USER_ID], [UPDATED_DATETIME], [UPDATED_ID]) VALUES (27, 8, 5, N'งบรายจ่ายอื่น', 1, CAST(N'2020-11-11T14:30:19.750' AS DateTime), 1, NULL, NULL)
GO
SET IDENTITY_INSERT [dbo].[T_EXPENSES_GROUP] OFF

-- ข้อมูลรหัสอ้างอิงงบประมาณ ของหมวดค่าใช้จ่าย ในแต่ละปีงบประมาณ
TRUNCATE TABLE [dbo].[T_EXPENSES_GROUP_GOVERNMENT_REFER_CODE]
GO
GO
INSERT [dbo].[T_EXPENSES_GROUP_GOVERNMENT_REFER_CODE] ([YR], [EXPENSES_GROUP_ID], [GOVERNMENT_REFER_CODE], [REMARK_TEXT]) VALUES (2019, 2, N'b', N'test 2')
GO
INSERT [dbo].[T_EXPENSES_GROUP_GOVERNMENT_REFER_CODE] ([YR], [EXPENSES_GROUP_ID], [GOVERNMENT_REFER_CODE], [REMARK_TEXT]) VALUES (2020, 2, N'a', N'test 1')
GO
INSERT [dbo].[T_EXPENSES_GROUP_GOVERNMENT_REFER_CODE] ([YR], [EXPENSES_GROUP_ID], [GOVERNMENT_REFER_CODE], [REMARK_TEXT]) VALUES (2020, 24, N'dddd', N'ทดสอบ')
GO
INSERT [dbo].[T_EXPENSES_GROUP_GOVERNMENT_REFER_CODE] ([YR], [EXPENSES_GROUP_ID], [GOVERNMENT_REFER_CODE], [REMARK_TEXT]) VALUES (2020, 25, N'xxxxxxx', N'xxxxxxxx')
GO
INSERT [dbo].[T_EXPENSES_GROUP_GOVERNMENT_REFER_CODE] ([YR], [EXPENSES_GROUP_ID], [GOVERNMENT_REFER_CODE], [REMARK_TEXT]) VALUES (2020, 26, N'xxxxxxx', N'xxxxxxx')
GO
INSERT [dbo].[T_EXPENSES_GROUP_GOVERNMENT_REFER_CODE] ([YR], [EXPENSES_GROUP_ID], [GOVERNMENT_REFER_CODE], [REMARK_TEXT]) VALUES (2020, 27, N'xxxxxxx', N'xxxxxxx')
GO
INSERT [dbo].[T_EXPENSES_GROUP_GOVERNMENT_REFER_CODE] ([YR], [EXPENSES_GROUP_ID], [GOVERNMENT_REFER_CODE], [REMARK_TEXT]) VALUES (2021, 2, N'6311120', NULL)
GO

-- ข้อมูลรายการค่าใช้จ่าย
TRUNCATE TABLE [dbo].[T_EXPENSES_ITEM]
GO
SET IDENTITY_INSERT [dbo].[T_EXPENSES_ITEM] ON 
GO
INSERT [dbo].[T_EXPENSES_ITEM] ([EXPENSES_ID], [EXPENSES_GROUP_ID], [EXPENSES_NAME], [FORM_TEMPLATE_NAME], [CAN_ADD_PROJECT], [ACTIVE], [CREATED_DATETIME], [USER_ID], [UPDATED_DATETIME], [UPDATED_ID]) VALUES (1, 5, N'ค่าเช่าบ้าน', N'RentHouseForm', 1, 1, CAST(N'2020-11-11T10:41:14.887' AS DateTime), 2, CAST(N'2020-11-12T03:34:24.193' AS DateTime), 2)
GO
INSERT [dbo].[T_EXPENSES_ITEM] ([EXPENSES_ID], [EXPENSES_GROUP_ID], [EXPENSES_NAME], [FORM_TEMPLATE_NAME], [CAN_ADD_PROJECT], [ACTIVE], [CREATED_DATETIME], [USER_ID], [UPDATED_DATETIME], [UPDATED_ID]) VALUES (2, 21, N'ค่าตอบแทนพนักงานราชการ', N'CompensationGovernmentEmployeeForm', 0, 1, CAST(N'2020-11-11T10:43:19.243' AS DateTime), 2, NULL, NULL)
GO
INSERT [dbo].[T_EXPENSES_ITEM] ([EXPENSES_ID], [EXPENSES_GROUP_ID], [EXPENSES_NAME], [FORM_TEMPLATE_NAME], [CAN_ADD_PROJECT], [ACTIVE], [CREATED_DATETIME], [USER_ID], [UPDATED_DATETIME], [UPDATED_ID]) VALUES (3, 2, N'เงินเดือนและค่าจ้างประจำ', N'SalaryAndIncomeForm', 1, 1, CAST(N'2020-11-11T10:45:30.257' AS DateTime), 2, CAST(N'2020-11-11T16:13:17.953' AS DateTime), 2)
GO
INSERT [dbo].[T_EXPENSES_ITEM] ([EXPENSES_ID], [EXPENSES_GROUP_ID], [EXPENSES_NAME], [FORM_TEMPLATE_NAME], [CAN_ADD_PROJECT], [ACTIVE], [CREATED_DATETIME], [USER_ID], [UPDATED_DATETIME], [UPDATED_ID]) VALUES (4, 5, N'ค่าตอบแทนพิเศษรายเดือนสำหรับผู้ปฏิบัติงานในเขตพื้นที่พิเศษ (ส.ป.พ.)', N'MonthlyCompensationExtraForm', 0, 1, CAST(N'2020-11-11T10:46:59.040' AS DateTime), 2, NULL, NULL)
GO
INSERT [dbo].[T_EXPENSES_ITEM] ([EXPENSES_ID], [EXPENSES_GROUP_ID], [EXPENSES_NAME], [FORM_TEMPLATE_NAME], [CAN_ADD_PROJECT], [ACTIVE], [CREATED_DATETIME], [USER_ID], [UPDATED_DATETIME], [UPDATED_ID]) VALUES (5, 6, N'เงินสมทบกองทุนประกันสังคม', N'SocialSecurityForm', 0, 1, CAST(N'2020-11-11T10:48:29.510' AS DateTime), 2, NULL, NULL)
GO
INSERT [dbo].[T_EXPENSES_ITEM] ([EXPENSES_ID], [EXPENSES_GROUP_ID], [EXPENSES_NAME], [FORM_TEMPLATE_NAME], [CAN_ADD_PROJECT], [ACTIVE], [CREATED_DATETIME], [USER_ID], [UPDATED_DATETIME], [UPDATED_ID]) VALUES (6, 6, N'เงินสมทบกองทุนเงินทดแทน', N'CompensationFundForm', 0, 1, CAST(N'2020-11-11T10:49:36.320' AS DateTime), 2, NULL, NULL)
GO
INSERT [dbo].[T_EXPENSES_ITEM] ([EXPENSES_ID], [EXPENSES_GROUP_ID], [EXPENSES_NAME], [FORM_TEMPLATE_NAME], [CAN_ADD_PROJECT], [ACTIVE], [CREATED_DATETIME], [USER_ID], [UPDATED_DATETIME], [UPDATED_ID]) VALUES (7, 6, N'ค่าตรวจปฏิบัติการโรงงานอุตสาหกรรรม', N'IndustrailSurveyForm', 0, 1, CAST(N'2020-11-11T10:52:11.147' AS DateTime), 2, NULL, NULL)
GO
INSERT [dbo].[T_EXPENSES_ITEM] ([EXPENSES_ID], [EXPENSES_GROUP_ID], [EXPENSES_NAME], [FORM_TEMPLATE_NAME], [CAN_ADD_PROJECT], [ACTIVE], [CREATED_DATETIME], [USER_ID], [UPDATED_DATETIME], [UPDATED_ID]) VALUES (8, 21, N'ค่าตอบแทนบุคคลหรือคณะกรรมการ', N'PersonnelOrCommitteeCompensationForm', 0, 1, CAST(N'2020-11-11T10:53:08.910' AS DateTime), 2, NULL, NULL)
GO
INSERT [dbo].[T_EXPENSES_ITEM] ([EXPENSES_ID], [EXPENSES_GROUP_ID], [EXPENSES_NAME], [FORM_TEMPLATE_NAME], [CAN_ADD_PROJECT], [ACTIVE], [CREATED_DATETIME], [USER_ID], [UPDATED_DATETIME], [UPDATED_ID]) VALUES (9, 21, N'ค่าตอบแทนข้าราชการเกษียณ', N'RetiredGovernmentCompensationForm', 0, 1, CAST(N'2020-11-11T10:54:27.520' AS DateTime), 2, NULL, NULL)
GO
INSERT [dbo].[T_EXPENSES_ITEM] ([EXPENSES_ID], [EXPENSES_GROUP_ID], [EXPENSES_NAME], [FORM_TEMPLATE_NAME], [CAN_ADD_PROJECT], [ACTIVE], [CREATED_DATETIME], [USER_ID], [UPDATED_DATETIME], [UPDATED_ID]) VALUES (10, 21, N'ค่าตอบแทนการปฏิบัติงานนอกเวลาราชการ', N'OvertimeCompensationForm', 0, 1, CAST(N'2020-11-11T10:55:18.637' AS DateTime), 2, NULL, NULL)
GO
INSERT [dbo].[T_EXPENSES_ITEM] ([EXPENSES_ID], [EXPENSES_GROUP_ID], [EXPENSES_NAME], [FORM_TEMPLATE_NAME], [CAN_ADD_PROJECT], [ACTIVE], [CREATED_DATETIME], [USER_ID], [UPDATED_DATETIME], [UPDATED_ID]) VALUES (11, 21, N'ค่าตอบแทนแหมาจ่ายแทนการจัดหารถประจำตำแหน่ง', N'InsteadCarForPositionCompensationForm', 0, 1, CAST(N'2020-11-11T10:56:03.923' AS DateTime), 2, NULL, NULL)
GO
INSERT [dbo].[T_EXPENSES_ITEM] ([EXPENSES_ID], [EXPENSES_GROUP_ID], [EXPENSES_NAME], [FORM_TEMPLATE_NAME], [CAN_ADD_PROJECT], [ACTIVE], [CREATED_DATETIME], [USER_ID], [UPDATED_DATETIME], [UPDATED_ID]) VALUES (12, 5, N'ค่าเบี้ยเลี้ยง ค่าเช่าที่พัก และค่าพาหนะ', N'AllowanceForm', 0, 1, CAST(N'2020-11-11T10:57:22.350' AS DateTime), 2, NULL, NULL)
GO
INSERT [dbo].[T_EXPENSES_ITEM] ([EXPENSES_ID], [EXPENSES_GROUP_ID], [EXPENSES_NAME], [FORM_TEMPLATE_NAME], [CAN_ADD_PROJECT], [ACTIVE], [CREATED_DATETIME], [USER_ID], [UPDATED_DATETIME], [UPDATED_ID]) VALUES (13, 6, N'ค่าเบี้ยเลี้ยง ค่าเช่าที่พัก และค่าพาหนะ', N'AllowanceForm', 0, 1, CAST(N'2020-11-11T14:08:29.487' AS DateTime), 1, CAST(N'2020-11-12T08:53:50.743' AS DateTime), 2)
GO
INSERT [dbo].[T_EXPENSES_ITEM] ([EXPENSES_ID], [EXPENSES_GROUP_ID], [EXPENSES_NAME], [FORM_TEMPLATE_NAME], [CAN_ADD_PROJECT], [ACTIVE], [CREATED_DATETIME], [USER_ID], [UPDATED_DATETIME], [UPDATED_ID]) VALUES (14, 6, N'ค่าซ่อมแซมยานพาหนะและขนส่ง', N'RepairVehicleAndTransportForm', 0, 1, CAST(N'2020-11-11T14:09:20.097' AS DateTime), 1, CAST(N'2020-11-12T08:54:21.423' AS DateTime), 2)
GO
INSERT [dbo].[T_EXPENSES_ITEM] ([EXPENSES_ID], [EXPENSES_GROUP_ID], [EXPENSES_NAME], [FORM_TEMPLATE_NAME], [CAN_ADD_PROJECT], [ACTIVE], [CREATED_DATETIME], [USER_ID], [UPDATED_DATETIME], [UPDATED_ID]) VALUES (15, 6, N'ค่าซ่อมแซมครุภัณฑ์', N'RepairEquipmentForm', 0, 1, CAST(N'2020-11-11T14:09:57.667' AS DateTime), 1, CAST(N'2020-11-12T08:54:41.723' AS DateTime), 2)
GO
INSERT [dbo].[T_EXPENSES_ITEM] ([EXPENSES_ID], [EXPENSES_GROUP_ID], [EXPENSES_NAME], [FORM_TEMPLATE_NAME], [CAN_ADD_PROJECT], [ACTIVE], [CREATED_DATETIME], [USER_ID], [UPDATED_DATETIME], [UPDATED_ID]) VALUES (16, 6, N'ค่าซ่อมแซมสิ่งก่อสร้าง', N'RepairBuildingForm', 0, 1, CAST(N'2020-11-11T14:10:36.270' AS DateTime), 1, CAST(N'2020-11-12T08:56:39.860' AS DateTime), 2)
GO
INSERT [dbo].[T_EXPENSES_ITEM] ([EXPENSES_ID], [EXPENSES_GROUP_ID], [EXPENSES_NAME], [FORM_TEMPLATE_NAME], [CAN_ADD_PROJECT], [ACTIVE], [CREATED_DATETIME], [USER_ID], [UPDATED_DATETIME], [UPDATED_ID]) VALUES (17, 6, N'ค่าเช่าทรัพย์สิน', N'ChargeForRentBuildingForm', 0, 1, CAST(N'2020-11-11T14:13:15.447' AS DateTime), 1, CAST(N'2020-11-12T08:57:05.453' AS DateTime), 2)
GO
INSERT [dbo].[T_EXPENSES_ITEM] ([EXPENSES_ID], [EXPENSES_GROUP_ID], [EXPENSES_NAME], [FORM_TEMPLATE_NAME], [CAN_ADD_PROJECT], [ACTIVE], [CREATED_DATETIME], [USER_ID], [UPDATED_DATETIME], [UPDATED_ID]) VALUES (18, 6, N'ค่าจ้างเหมาบริการ', N'ChargeForHireServiceForm', 0, 1, CAST(N'2020-11-11T14:13:43.653' AS DateTime), 1, CAST(N'2020-11-12T08:57:22.147' AS DateTime), 2)
GO
INSERT [dbo].[T_EXPENSES_ITEM] ([EXPENSES_ID], [EXPENSES_GROUP_ID], [EXPENSES_NAME], [FORM_TEMPLATE_NAME], [CAN_ADD_PROJECT], [ACTIVE], [CREATED_DATETIME], [USER_ID], [UPDATED_DATETIME], [UPDATED_ID]) VALUES (19, 6, N'ค่ากำจัดปลวก (เหมาบริการ)', N'ChargeForKillTermiteForm', 0, 1, CAST(N'2020-11-11T14:14:09.527' AS DateTime), 1, CAST(N'2020-11-12T08:57:44.083' AS DateTime), 2)
GO
INSERT [dbo].[T_EXPENSES_ITEM] ([EXPENSES_ID], [EXPENSES_GROUP_ID], [EXPENSES_NAME], [FORM_TEMPLATE_NAME], [CAN_ADD_PROJECT], [ACTIVE], [CREATED_DATETIME], [USER_ID], [UPDATED_DATETIME], [UPDATED_ID]) VALUES (20, 6, N'ค่าจ้างเหมาบริการ (MA', N'ChargeForSoftwareMAForm', 1, 1, CAST(N'2020-11-11T14:14:38.043' AS DateTime), 1, CAST(N'2020-11-12T13:54:42.720' AS DateTime), 1)
GO
INSERT [dbo].[T_EXPENSES_ITEM] ([EXPENSES_ID], [EXPENSES_GROUP_ID], [EXPENSES_NAME], [FORM_TEMPLATE_NAME], [CAN_ADD_PROJECT], [ACTIVE], [CREATED_DATETIME], [USER_ID], [UPDATED_DATETIME], [UPDATED_ID]) VALUES (21, 6, N'ค่าจ้างพิมพ์แก้ไขแสตมป์ (ค่าจ้างเหมา)', N'ChargeForReprintStampForm', 0, 1, CAST(N'2020-11-11T14:15:19.783' AS DateTime), 1, CAST(N'2020-11-13T15:51:28.287' AS DateTime), 2)
GO
INSERT [dbo].[T_EXPENSES_ITEM] ([EXPENSES_ID], [EXPENSES_GROUP_ID], [EXPENSES_NAME], [FORM_TEMPLATE_NAME], [CAN_ADD_PROJECT], [ACTIVE], [CREATED_DATETIME], [USER_ID], [UPDATED_DATETIME], [UPDATED_ID]) VALUES (22, 6, N'ค่าจ้างเหมาบริการอื่นๆ', N'ChargeForRentServiceForm', 0, 1, CAST(N'2020-11-11T14:15:58.423' AS DateTime), 1, CAST(N'2020-11-13T15:51:49.697' AS DateTime), 2)
GO
INSERT [dbo].[T_EXPENSES_ITEM] ([EXPENSES_ID], [EXPENSES_GROUP_ID], [EXPENSES_NAME], [FORM_TEMPLATE_NAME], [CAN_ADD_PROJECT], [ACTIVE], [CREATED_DATETIME], [USER_ID], [UPDATED_DATETIME], [UPDATED_ID]) VALUES (23, 6, N'ค่าใช้จ่ายในการสัมมนาและฝึกอบรม', N'-', 0, 1, CAST(N'2020-11-11T14:16:23.767' AS DateTime), 1, NULL, NULL)
GO
INSERT [dbo].[T_EXPENSES_ITEM] ([EXPENSES_ID], [EXPENSES_GROUP_ID], [EXPENSES_NAME], [FORM_TEMPLATE_NAME], [CAN_ADD_PROJECT], [ACTIVE], [CREATED_DATETIME], [USER_ID], [UPDATED_DATETIME], [UPDATED_ID]) VALUES (24, 6, N'ค่าโฆษณาและเผยแพร่', N'ChargeForAdvertiseAndReleaseForm', 0, 1, CAST(N'2020-11-11T14:17:03.883' AS DateTime), 1, CAST(N'2020-11-13T15:52:52.503' AS DateTime), 2)
GO
INSERT [dbo].[T_EXPENSES_ITEM] ([EXPENSES_ID], [EXPENSES_GROUP_ID], [EXPENSES_NAME], [FORM_TEMPLATE_NAME], [CAN_ADD_PROJECT], [ACTIVE], [CREATED_DATETIME], [USER_ID], [UPDATED_DATETIME], [UPDATED_ID]) VALUES (25, 6, N'ค่าใช้จ่ายในการบำรุงรักษาเครื่องปรับอากาศ', N'ChargeForMaintainAirConditionerForm', 0, 1, CAST(N'2020-11-11T14:17:35.273' AS DateTime), 1, CAST(N'2020-11-13T15:53:13.733' AS DateTime), 2)
GO
INSERT [dbo].[T_EXPENSES_ITEM] ([EXPENSES_ID], [EXPENSES_GROUP_ID], [EXPENSES_NAME], [FORM_TEMPLATE_NAME], [CAN_ADD_PROJECT], [ACTIVE], [CREATED_DATETIME], [USER_ID], [UPDATED_DATETIME], [UPDATED_ID]) VALUES (26, 6, N'ค่าใช้สอยอื่น', N'ChargeForOtherForm', 0, 1, CAST(N'2020-11-11T14:18:06.020' AS DateTime), 1, CAST(N'2020-11-13T15:53:29.893' AS DateTime), 2)
GO
INSERT [dbo].[T_EXPENSES_ITEM] ([EXPENSES_ID], [EXPENSES_GROUP_ID], [EXPENSES_NAME], [FORM_TEMPLATE_NAME], [CAN_ADD_PROJECT], [ACTIVE], [CREATED_DATETIME], [USER_ID], [UPDATED_DATETIME], [UPDATED_ID]) VALUES (27, 8, N'ค่าวัสดุสำนักงาน', N'ChargeForMaterialOfficialForm', 0, 1, CAST(N'2020-11-11T14:18:46.207' AS DateTime), 1, CAST(N'2020-11-12T09:00:24.190' AS DateTime), 2)
GO
INSERT [dbo].[T_EXPENSES_ITEM] ([EXPENSES_ID], [EXPENSES_GROUP_ID], [EXPENSES_NAME], [FORM_TEMPLATE_NAME], [CAN_ADD_PROJECT], [ACTIVE], [CREATED_DATETIME], [USER_ID], [UPDATED_DATETIME], [UPDATED_ID]) VALUES (28, 8, N'ค่าวัสดุเชื้อเพลิงและหล่อลื่น', N'ChargeForOilAndLubricateForm', 0, 1, CAST(N'2020-11-11T14:19:10.100' AS DateTime), 1, CAST(N'2020-11-12T09:00:57.163' AS DateTime), 2)
GO
INSERT [dbo].[T_EXPENSES_ITEM] ([EXPENSES_ID], [EXPENSES_GROUP_ID], [EXPENSES_NAME], [FORM_TEMPLATE_NAME], [CAN_ADD_PROJECT], [ACTIVE], [CREATED_DATETIME], [USER_ID], [UPDATED_DATETIME], [UPDATED_ID]) VALUES (29, 8, N'ค่าวัสดุไฟฟ้าและวิทยุ', N'ChargeForElectricalAndRadioForm', 0, 1, CAST(N'2020-11-11T14:19:37.957' AS DateTime), 1, CAST(N'2020-11-12T09:01:14.967' AS DateTime), 2)
GO
INSERT [dbo].[T_EXPENSES_ITEM] ([EXPENSES_ID], [EXPENSES_GROUP_ID], [EXPENSES_NAME], [FORM_TEMPLATE_NAME], [CAN_ADD_PROJECT], [ACTIVE], [CREATED_DATETIME], [USER_ID], [UPDATED_DATETIME], [UPDATED_ID]) VALUES (30, 8, N'ค่าวัสดุวิทยาศาสตร์หรือการแพทย์', N'ChargeForScienceAndMedicalForm', 0, 1, CAST(N'2020-11-11T14:20:13.577' AS DateTime), 1, CAST(N'2020-11-12T09:01:29.950' AS DateTime), 2)
GO
INSERT [dbo].[T_EXPENSES_ITEM] ([EXPENSES_ID], [EXPENSES_GROUP_ID], [EXPENSES_NAME], [FORM_TEMPLATE_NAME], [CAN_ADD_PROJECT], [ACTIVE], [CREATED_DATETIME], [USER_ID], [UPDATED_DATETIME], [UPDATED_ID]) VALUES (31, 8, N'ค่าวัสดุคอมพิวเตอร์', N'ComputerMaterialForm', 0, 1, CAST(N'2020-11-11T14:20:41.640' AS DateTime), 1, CAST(N'2020-11-12T09:01:46.527' AS DateTime), 2)
GO
INSERT [dbo].[T_EXPENSES_ITEM] ([EXPENSES_ID], [EXPENSES_GROUP_ID], [EXPENSES_NAME], [FORM_TEMPLATE_NAME], [CAN_ADD_PROJECT], [ACTIVE], [CREATED_DATETIME], [USER_ID], [UPDATED_DATETIME], [UPDATED_ID]) VALUES (32, 8, N'ค่าวัสดุยานพาหนะและขนส่ง', N'VehicleEquipmentAndTransport', 0, 1, CAST(N'2020-11-11T14:21:13.203' AS DateTime), 1, CAST(N'2020-11-12T09:03:33.320' AS DateTime), 2)
GO
INSERT [dbo].[T_EXPENSES_ITEM] ([EXPENSES_ID], [EXPENSES_GROUP_ID], [EXPENSES_NAME], [FORM_TEMPLATE_NAME], [CAN_ADD_PROJECT], [ACTIVE], [CREATED_DATETIME], [USER_ID], [UPDATED_DATETIME], [UPDATED_ID]) VALUES (33, 25, N'ค่าไฟฟ้า ประปา โทรศัพท์ ไปรษณีย์ ค่าบริการสื่อสารและโทรคมนาคม', N'PublicUtilitiesForm', 0, 1, CAST(N'2020-11-11T14:24:25.790' AS DateTime), 1, CAST(N'2020-11-12T09:06:45.493' AS DateTime), 2)
GO
INSERT [dbo].[T_EXPENSES_ITEM] ([EXPENSES_ID], [EXPENSES_GROUP_ID], [EXPENSES_NAME], [FORM_TEMPLATE_NAME], [CAN_ADD_PROJECT], [ACTIVE], [CREATED_DATETIME], [USER_ID], [UPDATED_DATETIME], [UPDATED_ID]) VALUES (34, 22, N'ครุภัณฑ์สำนักงาน', N'OfficialEquipmentForm', 0, 1, CAST(N'2020-11-11T14:25:07.823' AS DateTime), 1, CAST(N'2020-11-12T08:55:07.450' AS DateTime), 2)
GO
INSERT [dbo].[T_EXPENSES_ITEM] ([EXPENSES_ID], [EXPENSES_GROUP_ID], [EXPENSES_NAME], [FORM_TEMPLATE_NAME], [CAN_ADD_PROJECT], [ACTIVE], [CREATED_DATETIME], [USER_ID], [UPDATED_DATETIME], [UPDATED_ID]) VALUES (35, 22, N'ครุภัณฑ์คอมพิวเตอร์', N'ComputerEquipmentForm', 0, 1, CAST(N'2020-11-11T14:25:29.657' AS DateTime), 1, CAST(N'2020-11-12T08:55:23.913' AS DateTime), 2)
GO
INSERT [dbo].[T_EXPENSES_ITEM] ([EXPENSES_ID], [EXPENSES_GROUP_ID], [EXPENSES_NAME], [FORM_TEMPLATE_NAME], [CAN_ADD_PROJECT], [ACTIVE], [CREATED_DATETIME], [USER_ID], [UPDATED_DATETIME], [UPDATED_ID]) VALUES (36, 22, N'ครุภัณฑ์ยานพาหนะและขนส่ง', N'VehicleAndTransportEquipmentForm', 0, 1, CAST(N'2020-11-11T14:26:03.987' AS DateTime), 1, CAST(N'2020-11-12T08:55:40.947' AS DateTime), 2)
GO
INSERT [dbo].[T_EXPENSES_ITEM] ([EXPENSES_ID], [EXPENSES_GROUP_ID], [EXPENSES_NAME], [FORM_TEMPLATE_NAME], [CAN_ADD_PROJECT], [ACTIVE], [CREATED_DATETIME], [USER_ID], [UPDATED_DATETIME], [UPDATED_ID]) VALUES (37, 22, N'ครุภัณฑ์วิทยาศาสตร์', N'ScienceEquipmentForm', 0, 1, CAST(N'2020-11-11T14:26:50.737' AS DateTime), 1, CAST(N'2020-11-12T08:55:56.727' AS DateTime), 2)
GO
INSERT [dbo].[T_EXPENSES_ITEM] ([EXPENSES_ID], [EXPENSES_GROUP_ID], [EXPENSES_NAME], [FORM_TEMPLATE_NAME], [CAN_ADD_PROJECT], [ACTIVE], [CREATED_DATETIME], [USER_ID], [UPDATED_DATETIME], [UPDATED_ID]) VALUES (38, 22, N'ครุภัณฑ์อื่นๆ', N'OtherEquipmentForm', 0, 1, CAST(N'2020-11-11T14:27:30.443' AS DateTime), 1, CAST(N'2020-11-12T08:56:14.560' AS DateTime), 2)
GO
INSERT [dbo].[T_EXPENSES_ITEM] ([EXPENSES_ID], [EXPENSES_GROUP_ID], [EXPENSES_NAME], [FORM_TEMPLATE_NAME], [CAN_ADD_PROJECT], [ACTIVE], [CREATED_DATETIME], [USER_ID], [UPDATED_DATETIME], [UPDATED_ID]) VALUES (39, 23, N'ที่ดินและสิ่งก่อสร้าง', N'LandAndBuildingForm', 1, 1, CAST(N'2020-11-11T14:28:02.667' AS DateTime), 1, CAST(N'2020-11-12T13:24:03.897' AS DateTime), 1)
GO
INSERT [dbo].[T_EXPENSES_ITEM] ([EXPENSES_ID], [EXPENSES_GROUP_ID], [EXPENSES_NAME], [FORM_TEMPLATE_NAME], [CAN_ADD_PROJECT], [ACTIVE], [CREATED_DATETIME], [USER_ID], [UPDATED_DATETIME], [UPDATED_ID]) VALUES (40, 26, N'เงินอุดหนุนสำหรับค่าสินบนและเงินรางวัล สุรา ยาสูบ ไพ่ แสตมป์สรรพสามิตและ พ.ร.บ. ภาษีสรรพสามิต พ.ศ. 2527', N'SubsidyForm', 0, 1, CAST(N'2020-11-11T14:31:37.940' AS DateTime), 1, CAST(N'2020-11-12T09:06:10.580' AS DateTime), 2)
GO
INSERT [dbo].[T_EXPENSES_ITEM] ([EXPENSES_ID], [EXPENSES_GROUP_ID], [EXPENSES_NAME], [FORM_TEMPLATE_NAME], [CAN_ADD_PROJECT], [ACTIVE], [CREATED_DATETIME], [USER_ID], [UPDATED_DATETIME], [UPDATED_ID]) VALUES (41, 27, N'ค่าใช้จ่ายในการจัดพิมพ์แสตมป์สรรพสามิต', N'ChargeForPrintStampForm', 0, 1, CAST(N'2020-11-11T14:32:14.270' AS DateTime), 1, CAST(N'2020-11-12T09:03:55.657' AS DateTime), 2)
GO
INSERT [dbo].[T_EXPENSES_ITEM] ([EXPENSES_ID], [EXPENSES_GROUP_ID], [EXPENSES_NAME], [FORM_TEMPLATE_NAME], [CAN_ADD_PROJECT], [ACTIVE], [CREATED_DATETIME], [USER_ID], [UPDATED_DATETIME], [UPDATED_ID]) VALUES (42, 27, N'ค่าใช้จ่ายในการอบรมต่างประเทศ', N'ExpensesSeminaForeignForm', 0, 1, CAST(N'2020-11-11T14:32:57.203' AS DateTime), 1, CAST(N'2020-11-12T09:04:10.123' AS DateTime), 2)
GO
INSERT [dbo].[T_EXPENSES_ITEM] ([EXPENSES_ID], [EXPENSES_GROUP_ID], [EXPENSES_NAME], [FORM_TEMPLATE_NAME], [CAN_ADD_PROJECT], [ACTIVE], [CREATED_DATETIME], [USER_ID], [UPDATED_DATETIME], [UPDATED_ID]) VALUES (43, 27, N'ค่าใช้จ่ายในการประชุมต่างประเทศ', N'ExpensesConferenceForeignForm', 0, 1, CAST(N'2020-11-11T14:33:25.427' AS DateTime), 1, CAST(N'2020-11-12T09:04:25.323' AS DateTime), 2)
GO
INSERT [dbo].[T_EXPENSES_ITEM] ([EXPENSES_ID], [EXPENSES_GROUP_ID], [EXPENSES_NAME], [FORM_TEMPLATE_NAME], [CAN_ADD_PROJECT], [ACTIVE], [CREATED_DATETIME], [USER_ID], [UPDATED_DATETIME], [UPDATED_ID]) VALUES (44, 27, N'ค่าจ้างที่ปรึกษา', N'HireAdvisorForm', 0, 1, CAST(N'2020-11-11T14:33:48.890' AS DateTime), 1, CAST(N'2020-11-12T09:04:42.340' AS DateTime), 2)
GO
INSERT [dbo].[T_EXPENSES_ITEM] ([EXPENSES_ID], [EXPENSES_GROUP_ID], [EXPENSES_NAME], [FORM_TEMPLATE_NAME], [CAN_ADD_PROJECT], [ACTIVE], [CREATED_DATETIME], [USER_ID], [UPDATED_DATETIME], [UPDATED_ID]) VALUES (45, 27, N'ค่าทุนการศึกษาต่อ', N'EducationFundForm', 0, 1, CAST(N'2020-11-11T14:34:49.123' AS DateTime), 1, CAST(N'2020-11-12T09:04:56.577' AS DateTime), 2)
GO
INSERT [dbo].[T_EXPENSES_ITEM] ([EXPENSES_ID], [EXPENSES_GROUP_ID], [EXPENSES_NAME], [FORM_TEMPLATE_NAME], [CAN_ADD_PROJECT], [ACTIVE], [CREATED_DATETIME], [USER_ID], [UPDATED_DATETIME], [UPDATED_ID]) VALUES (46, 27, N'โครงการตรวจสุขภาพ (ลูกจ้างชั่วคราว)', N'HealthCheckProjectForm', 0, 1, CAST(N'2020-11-11T14:35:21.077' AS DateTime), 1, CAST(N'2020-11-12T09:05:15.240' AS DateTime), 2)
GO
INSERT [dbo].[T_EXPENSES_ITEM] ([EXPENSES_ID], [EXPENSES_GROUP_ID], [EXPENSES_NAME], [FORM_TEMPLATE_NAME], [CAN_ADD_PROJECT], [ACTIVE], [CREATED_DATETIME], [USER_ID], [UPDATED_DATETIME], [UPDATED_ID]) VALUES (47, 27, N'ค่าถอนคืนรายได้แผ่นดิน', N'GovernmentIncomeForm', 0, 1, CAST(N'2020-11-11T14:35:44.843' AS DateTime), 1, CAST(N'2020-11-12T09:05:32.193' AS DateTime), 2)
GO
INSERT [dbo].[T_EXPENSES_ITEM] ([EXPENSES_ID], [EXPENSES_GROUP_ID], [EXPENSES_NAME], [FORM_TEMPLATE_NAME], [CAN_ADD_PROJECT], [ACTIVE], [CREATED_DATETIME], [USER_ID], [UPDATED_DATETIME], [UPDATED_ID]) VALUES (48, 27, N'โอนให้กระทรวงการคลังฯ', N'TranferToMinistryOfFinancialForm', 0, 1, CAST(N'2020-11-11T14:36:33.467' AS DateTime), 1, CAST(N'2020-11-12T09:05:47.113' AS DateTime), 2)
GO
SET IDENTITY_INSERT [dbo].[T_EXPENSES_ITEM] OFF
GO


-- ข้อมูลกลุ่มของ หมวดค่าใช้จ่าย
TRUNCATE TABLE [dbo].[T_EXPENSES_MASTER]
GO
SET IDENTITY_INSERT [dbo].[T_EXPENSES_MASTER] ON 
GO
INSERT [dbo].[T_EXPENSES_MASTER] ([EXPENSES_MASTER_ID], [EXPENSES_MASTER_NAME], [ACTIVE], [CREATED_DATETIME], [USER_ID], [UPDATED_DATETIME], [UPDATED_ID]) VALUES (1, N'เงินเดือนและค่าจ้างประจำ ', 1, CAST(N'2020-09-24T10:58:00.000' AS DateTime), 1, NULL, NULL)
GO
INSERT [dbo].[T_EXPENSES_MASTER] ([EXPENSES_MASTER_ID], [EXPENSES_MASTER_NAME], [ACTIVE], [CREATED_DATETIME], [USER_ID], [UPDATED_DATETIME], [UPDATED_ID]) VALUES (2, N'หมวดค่าตอบแทน ใช้สอยและวัสดุ', 1, CAST(N'2020-09-24T10:58:00.000' AS DateTime), 1, NULL, NULL)
GO
INSERT [dbo].[T_EXPENSES_MASTER] ([EXPENSES_MASTER_ID], [EXPENSES_MASTER_NAME], [ACTIVE], [CREATED_DATETIME], [USER_ID], [UPDATED_DATETIME], [UPDATED_ID]) VALUES (3, N'ค่าครุภัณฑ์ ที่ดินและสิ่งก่อสร้าง', 1, CAST(N'2020-09-24T10:58:00.000' AS DateTime), 1, CAST(N'2020-11-04T04:30:35.933' AS DateTime), 1)
GO
INSERT [dbo].[T_EXPENSES_MASTER] ([EXPENSES_MASTER_ID], [EXPENSES_MASTER_NAME], [ACTIVE], [CREATED_DATETIME], [USER_ID], [UPDATED_DATETIME], [UPDATED_ID]) VALUES (4, N'test xxxx', -1, CAST(N'2020-09-29T23:37:39.170' AS DateTime), 1, CAST(N'2020-09-29T23:37:50.167' AS DateTime), 1)
GO
INSERT [dbo].[T_EXPENSES_MASTER] ([EXPENSES_MASTER_ID], [EXPENSES_MASTER_NAME], [ACTIVE], [CREATED_DATETIME], [USER_ID], [UPDATED_DATETIME], [UPDATED_ID]) VALUES (5, N'ค่าตอบแทนทดสอบ3-1', -1, CAST(N'2020-10-25T21:38:10.567' AS DateTime), 1, CAST(N'2020-10-25T21:42:52.747' AS DateTime), 1)
GO
INSERT [dbo].[T_EXPENSES_MASTER] ([EXPENSES_MASTER_ID], [EXPENSES_MASTER_NAME], [ACTIVE], [CREATED_DATETIME], [USER_ID], [UPDATED_DATETIME], [UPDATED_ID]) VALUES (6, N'กดหกด', -1, CAST(N'2020-11-04T04:30:45.983' AS DateTime), 1, CAST(N'2020-11-04T04:30:51.527' AS DateTime), 1)
GO
INSERT [dbo].[T_EXPENSES_MASTER] ([EXPENSES_MASTER_ID], [EXPENSES_MASTER_NAME], [ACTIVE], [CREATED_DATETIME], [USER_ID], [UPDATED_DATETIME], [UPDATED_ID]) VALUES (7, N'งบเงินอุดหนุน', 1, CAST(N'2020-11-04T09:47:52.807' AS DateTime), 1, NULL, NULL)
GO
INSERT [dbo].[T_EXPENSES_MASTER] ([EXPENSES_MASTER_ID], [EXPENSES_MASTER_NAME], [ACTIVE], [CREATED_DATETIME], [USER_ID], [UPDATED_DATETIME], [UPDATED_ID]) VALUES (8, N'งบรายจ่ายอื่น', 1, CAST(N'2020-11-04T09:48:36.010' AS DateTime), 1, NULL, NULL)
GO
INSERT [dbo].[T_EXPENSES_MASTER] ([EXPENSES_MASTER_ID], [EXPENSES_MASTER_NAME], [ACTIVE], [CREATED_DATETIME], [USER_ID], [UPDATED_DATETIME], [UPDATED_ID]) VALUES (9, N'ค่าสาธารณูปโภค', 1, CAST(N'2020-11-11T14:22:25.593' AS DateTime), 1, NULL, NULL)
GO
SET IDENTITY_INSERT [dbo].[T_EXPENSES_MASTER] OFF
GO
